Workbook

Sheet Summary
A1: Annotation Review — Summary
A2: Paper ID | B2: Title | C2: Extracted | D2: Approved | E2: Rejected | F2: Modified | G2: Pending | H2: Sheet
A3: 1021 | B3: Oral Microbiome of Crohn's Disease Patients With and Without Oral Manifestations | C3: 14 | D3: =COUNTIF('P1021'!M3:M16,"approved") | E3: =COUNTIF('P1021'!M3:M16,"rejected") | F3: =COUNTIF('P1021'!M3:M16,"modified") | G3: =14-D3-E3-F3 | H3: → P1021
A4: 1100 | B4: Lung function and microbiota diversity in cystic fibrosis | C4: 12 | D4: =COUNTIF('P1100'!M3:M14,"approved") | E4: =COUNTIF('P1100'!M3:M14,"rejected") | F4: =COUNTIF('P1100'!M3:M14,"modified") | G4: =12-D4-E4-F4 | H4: → P1100
A5: 1117 | B5: The closed eye harbours a unique microbiome in dry eye disease | C5: 40 | D5: =COUNTIF('P1117'!M3:M42,"approved") | E5: =COUNTIF('P1117'!M3:M42,"rejected") | F5: =COUNTIF('P1117'!M3:M42,"modified") | G5: =40-D5-E5-F5 | H5: → P1117
A6: 1128 | B6: Fecal Microbiota Transplantation (FMT) From a Human at Low Risk for Alzheimer's Disease Improves Short-Term Recognition Memory and Increases Neuroinflammation in a 3xTg AD Mouse Model | C6: 12 | D6: =COUNTIF('P1128'!M3:M14,"approved") | E6: =COUNTIF('P1128'!M3:M14,"rejected") | F6: =COUNTIF('P1128'!M3:M14,"modified") | G6: =12-D6-E6-F6 | H6: → P1128
A7: 1220 | B7: Comparative analysis of the bronchoalveolar microbiome in Portuguese patients with different chronic lung disorders | C7: 7 | D7: =COUNTIF('P1220'!M3:M9,"approved") | E7: =COUNTIF('P1220'!M3:M9,"rejected") | F7: =COUNTIF('P1220'!M3:M9,"modified") | G7: =7-D7-E7-F7 | H7: → P1220
A8: 1240 | B8: Whole Genome Profiling of Lung Microbiome in Solid Organ Transplant Recipients Reveals Virus Involved Microecology May Worsen Prognosis | C8: 4 | D8: =COUNTIF('P1240'!M3:M6,"approved") | E8: =COUNTIF('P1240'!M3:M6,"rejected") | F8: =COUNTIF('P1240'!M3:M6,"modified") | G8: =4-D8-E8-F8 | H8: → P1240
A9: 134 | B9: Shotgun metagenomics reveals the gut microbial diversity and functions in Vespa mandarinia (Hymenoptera: Vespidae) at multiple life stages | C9: 0 | D9: 0 | E9: 0 | F9: 0 | G9: manual | H9: → P134
A10: 141 | B10: Reproducibility and Comparability of Fecal Microbiome Associations with Colorectal Cancer in a Cross-Sectional Study | C10: 13 | D10: =COUNTIF('P141'!M3:M15,"approved") | E10: =COUNTIF('P141'!M3:M15,"rejected") | F10: =COUNTIF('P141'!M3:M15,"modified") | G10: =13-D10-E10-F10 | H10: → P141
A11: 1421 | B11: Periodontitis-related salivary microbiota aggravates Alzheimer's disease via gut-brain axis crosstalk | C11: 15 | D11: =COUNTIF('P1421'!M3:M17,"approved") | E11: =COUNTIF('P1421'!M3:M17,"rejected") | F11: =COUNTIF('P1421'!M3:M17,"modified") | G11: =15-D11-E11-F11 | H11: → P1421
A12: 1594 | B12: The altered sputum microbiome profile in patients with moderate and severe COPD exacerbations, compared to the healthy group in the Indian population | C12: 19 | D12: =COUNTIF('P1594'!M3:M21,"approved") | E12: =COUNTIF('P1594'!M3:M21,"rejected") | F12: =COUNTIF('P1594'!M3:M21,"modified") | G12: =19-D12-E12-F12 | H12: → P1594
A13: 1595 | B13: Variations of the lung microbiome and immune response in mechanically ventilated surgical patients | C13: 15 | D13: =COUNTIF('P1595'!M3:M17,"approved") | E13: =COUNTIF('P1595'!M3:M17,"rejected") | F13: =COUNTIF('P1595'!M3:M17,"modified") | G13: =15-D13-E13-F13 | H13: → P1595
A14: 1638 | B14: Fecal microbiota transplant overcomes resistance to anti-PD-1 therapy in melanoma patients | C14: 19 | D14: =COUNTIF('P1638'!M3:M21,"approved") | E14: =COUNTIF('P1638'!M3:M21,"rejected") | F14: =COUNTIF('P1638'!M3:M21,"modified") | G14: =19-D14-E14-F14 | H14: → P1638
A15: 166 | B15: Salivary microbiome profiles of oral cancer patients analyzed before and after treatment | C15: 39 | D15: =COUNTIF('P166'!M3:M41,"approved") | E15: =COUNTIF('P166'!M3:M41,"rejected") | F15: =COUNTIF('P166'!M3:M41,"modified") | G15: =39-D15-E15-F15 | H15: → P166
A16: 1690 | B16: Disrupted gut microbiota promotes the progression of chronic kidney disease in 5/6 nephrectomy mice by Bacillus pumilus gavage | C16: 7 | D16: =COUNTIF('P1690'!M3:M9,"approved") | E16: =COUNTIF('P1690'!M3:M9,"rejected") | F16: =COUNTIF('P1690'!M3:M9,"modified") | G16: =7-D16-E16-F16 | H16: → P1690
A17: 1874 | B17: Characteristics of tongue coating microbiota in diabetic and non-diabetic kidney patients receiving hemodialysis | C17: 24 | D17: =COUNTIF('P1874'!M3:M26,"approved") | E17: =COUNTIF('P1874'!M3:M26,"rejected") | F17: =COUNTIF('P1874'!M3:M26,"modified") | G17: =24-D17-E17-F17 | H17: → P1874
A18: 193 | B18: Characterization of the nasal and oral microbiota of detection dogs | C18: 0 | D18: 0 | E18: 0 | F18: 0 | G18: manual | H18: → P193
A19: 1983 | B19: Brief antibiotic use drives human gut bacteria towards low-cost resistance | C19: 3 | D19: =COUNTIF('P1983'!M3:M5,"approved") | E19: =COUNTIF('P1983'!M3:M5,"rejected") | F19: =COUNTIF('P1983'!M3:M5,"modified") | G19: =3-D19-E19-F19 | H19: → P1983
A20: 199 | B20: Distinct nasal airway bacterial microbiotas differentially relate to exacerbation in pediatric patients with asthma | C20: 19 | D20: =COUNTIF('P199'!M3:M21,"approved") | E20: =COUNTIF('P199'!M3:M21,"rejected") | F20: =COUNTIF('P199'!M3:M21,"modified") | G20: =19-D20-E20-F20 | H20: → P199
A21: 2007 | B21: A population-scale analysis of 36 gut microbiome studies reveals universal species signatures for common diseases | C21: 66 | D21: =COUNTIF('P2007'!M3:M68,"approved") | E21: =COUNTIF('P2007'!M3:M68,"rejected") | F21: =COUNTIF('P2007'!M3:M68,"modified") | G21: =66-D21-E21-F21 | H21: → P2007
A22: 206 | B22: Gut-associated microbes are present and active in the pig nasal cavity | C22: 1 | D22: =COUNTIF('P206'!M3:M3,"approved") | E22: =COUNTIF('P206'!M3:M3,"rejected") | F22: =COUNTIF('P206'!M3:M3,"modified") | G22: =1-D22-E22-F22 | H22: → P206
A23: 208 | B23: Determination of nasal and oropharyngeal microbiomes in a multicenter population-based study – findings from Pretest 1 of the German National Cohort | C23: 0 | D23: 0 | E23: 0 | F23: 0 | G23: manual | H23: → P208
A24: 435 | B24: Dynamic alterations in the lung microbiota in a rat model of lipopolysaccharide-induced acute lung injury | C24: 20 | D24: =COUNTIF('P435'!M3:M22,"approved") | E24: =COUNTIF('P435'!M3:M22,"rejected") | F24: =COUNTIF('P435'!M3:M22,"modified") | G24: =20-D24-E24-F24 | H24: → P435
A25: 451 | B25: Characterization of the upper and lower respiratory tract microbiota in Piedmontese calves | C25: 14 | D25: =COUNTIF('P451'!M3:M16,"approved") | E25: =COUNTIF('P451'!M3:M16,"rejected") | F25: =COUNTIF('P451'!M3:M16,"modified") | G25: =14-D25-E25-F25 | H25: → P451
A26: 461 | B26: Impact of Fecal Microbiota Transplantation on Gut Bacterial Bile Acid Metabolism in Humans | C26: 15 | D26: =COUNTIF('P461'!M3:M17,"approved") | E26: =COUNTIF('P461'!M3:M17,"rejected") | F26: =COUNTIF('P461'!M3:M17,"modified") | G26: =15-D26-E26-F26 | H26: → P461
A27: 626 | B27: Whole genome sequencing revealed microbiome in lung adenocarcinomas presented as ground-glass nodules | C27: 5 | D27: =COUNTIF('P626'!M3:M7,"approved") | E27: =COUNTIF('P626'!M3:M7,"rejected") | F27: =COUNTIF('P626'!M3:M7,"modified") | G27: =5-D27-E27-F27 | H27: → P626
A28: 756 | B28: The Effects of Electronic Cigarettes on Oral Microbiome and Metabolome in 3D Tissue-Engineered Models | C28: 17 | D28: =COUNTIF('P756'!M3:M19,"approved") | E28: =COUNTIF('P756'!M3:M19,"rejected") | F28: =COUNTIF('P756'!M3:M19,"modified") | G28: =17-D28-E28-F28 | H28: → P756
A29: 856 | B29: Gut microbiome and schizophrenia: insights from two-sample Mendelian randomization | C29: 26 | D29: =COUNTIF('P856'!M3:M28,"approved") | E29: =COUNTIF('P856'!M3:M28,"rejected") | F29: =COUNTIF('P856'!M3:M28,"modified") | G29: =26-D29-E29-F29 | H29: → P856
A30: 943 | B30: Oral Microbiome in Nonsmoker Patients with Oral Cavity Squamous Cell Carcinoma, Defined by Metagenomic Shotgun Sequencing | C30: 30 | D30: =COUNTIF('P943'!M3:M32,"approved") | E30: =COUNTIF('P943'!M3:M32,"rejected") | F30: =COUNTIF('P943'!M3:M32,"modified") | G30: =30-D30-E30-F30 | H30: → P943
A31: 961 | B31: Microbiota in Gut, Oral Cavity, and Mitral Valves Are Associated With Rheumatic Heart Disease | C31: 46 | D31: =COUNTIF('P961'!M3:M48,"approved") | E31: =COUNTIF('P961'!M3:M48,"rejected") | F31: =COUNTIF('P961'!M3:M48,"modified") | G31: =46-D31-E31-F31 | H31: → P961
A32: 988 | B32: THE ROLE OF GUT MICROBIOTA IN FETAL METHYLMERCURY EXPOSURE: INSIGHTS FROM A PILOT STUDY | C32: 8 | D32: =COUNTIF('P988'!M3:M10,"approved") | E32: =COUNTIF('P988'!M3:M10,"rejected") | F32: =COUNTIF('P988'!M3:M10,"modified") | G32: =8-D32-E32-F32 | H32: → P988
A33: TOTAL | C33: =SUM(C3:C32) | D33: =SUM(D3:D32) | E33: =SUM(E3:E32) | F33: =SUM(F3:F32) | G33: =SUM(G3:G32)

Sheet P1021
A1: Paper 1021 — Oral Microbiome of Crohn's Disease Patients With and Without Oral Manifestations
A2: TAXON NAME | B2: DOMAIN | C2: TAXONOMIC LEVEL | D2: PRIMARY DISEASE | E2: DIRECTION | F2: CHANGE CONTEXT | G2: SAMPLE SITE | H2: P VALUE | I2: CONFIDENCE | J2: AGREEMENT | K2: QUEEN DECISION | L2: VERBATIM EVIDENCE | M2: STATUS | N2: CORRECTION | O2: SAM NOTES
A3: Actinomycetota | B3: bacteria | C3: phylum | D3: Crohn's disease | E3: increased | F3: disease_vs_control | G3: oral | I3: medium | J3: verified | K3: keep | L3: Patients with CD were found to have increased saliva microbial species of the phyla Actinomycetota [Actinobacteria] and Pseudomonadota [Proteobacteria], but no significant differences in the total abundance of microbial species of the phyla Bacillota [Firmicutes] and Bacteroidota [Bacteroidetes]
A4: Pseudomonadota | B4: bacteria | C4: phylum | D4: Crohn's disease | E4: increased | F4: disease_vs_control | G4: oral | I4: medium | J4: verified | K4: keep | L4: Patients with CD were found to have increased saliva microbial species of the phyla Actinomycetota [Actinobacteria] and Pseudomonadota [Proteobacteria], but no significant differences in the total abundance of microbial species of the phyla Bacillota [Firmicutes] and Bacteroidota [Bacteroidetes]
A5: Bacillota | B5: bacteria | C5: phylum | D5: Crohn's disease | E5: unchanged | F5: disease_vs_control | G5: oral | I5: medium | J5: verified | K5: keep | L5: Patients with CD were found to have increased saliva microbial species of the phyla Actinomycetota [Actinobacteria] and Pseudomonadota [Proteobacteria], but no significant differences in the total abundance of microbial species of the phyla Bacillota [Firmicutes] and Bacteroidota [Bacteroidetes], with a corresponding borderline increase in the ratio of Bacillota [Firmicutes] to Bacteroidota [Bacteroidetes], though not statistically significant [p = 0. 44]
A6: Bacteroidota | B6: bacteria | C6: phylum | D6: Crohn's disease | E6: unchanged | F6: disease_vs_control | G6: oral | I6: medium | J6: verified | K6: keep | L6: Patients with CD were found to have increased saliva microbial species of the phyla Actinomycetota [Actinobacteria] and Pseudomonadota [Proteobacteria], but no significant differences in the total abundance of microbial species of the phyla Bacillota [Firmicutes] and Bacteroidota [Bacteroidetes]
A7: Roseburia intestinalis | B7: bacteria | C7: species | D7: Crohn's disease | E7: unclear | F7: disease_vs_control | G7: oral | I7: medium | J7: verified | K7: keep_flagged | L7: Four microbial species each were found associated with either cobblestoning [Roseburia intestinalis, Bacteroides vulgatus, Clostridium asparagiforme and Bacteriodes dorei] or oral ulcers [Turicimonas muris, Anaerostipes hadrus, Clostridium bolteae and Roseburia inulinivorans].
A8: Bacteroides vulgatus | B8: bacteria | C8: species | D8: Crohn's disease | E8: unclear | F8: disease_vs_control | G8: oral | I8: medium | J8: verified | K8: keep_flagged | L8: Four microbial species each were found associated with either cobblestoning [Roseburia intestinalis, Bacteroides vulgatus, Clostridium asparagiforme and Bacteriodes dorei] or oral ulcers [Turicimonas muris, Anaerostipes hadrus, Clostridium bolteae and Roseburia inulinivorans].
A9: Clostridium asparagiforme | B9: bacteria | C9: species | D9: Crohn's disease | E9: unclear | F9: disease_vs_control | G9: oral | I9: medium | J9: verified | K9: keep_flagged | L9: Four microbial species each were found associated with either cobblestoning [Roseburia intestinalis, Bacteroides vulgatus, Clostridium asparagiforme and Bacteriodes dorei] or oral ulcers [Turicimonas muris, Anaerostipes hadrus, Clostridium bolteae and Roseburia inulinivorans].
A10: Bacteroides dorei | B10: bacteria | C10: species | D10: Crohn's disease | E10: unclear | F10: disease_vs_control | G10: oral | I10: medium | J10: verified | K10: keep_flagged | L10: Four microbial species each were found associated with either cobblestoning [Roseburia intestinalis, Bacteroides vulgatus, Clostridium asparagiforme and Bacteriodes dorei] or oral ulcers [Turicimonas muris, Anaerostipes hadrus, Clostridium bolteae and Roseburia inulinivorans].
A11: Turicimonas muris | B11: bacteria | C11: species | D11: Crohn's disease | E11: unclear | F11: disease_vs_control | G11: oral | I11: medium | J11: verified | K11: keep_flagged | L11: Four microbial species each were found associated with either cobblestoning [Roseburia intestinalis, Bacteroides vulgatus, Clostridium asparagiforme and Bacteriodes dorei] or oral ulcers [Turicimonas muris, Anaerostipes hadrus, Clostridium bolteae and Roseburia inulinivorans].
A12: Anaerostipes hadrus | B12: bacteria | C12: species | D12: Crohn's disease | E12: increased | F12: disease_vs_control | G12: oral | I12: high | J12: verified | K12: keep | L12: This was further substantiated by the finding of an increased abundance of A. hadrus in subjects with oral ulcers, a major butyrate producer usually found in the gut
A13: Clostridium bolteae | B13: bacteria | C13: species | D13: Crohn's disease | E13: unclear | F13: disease_vs_control | G13: oral | I13: medium | J13: verified | K13: keep_flagged | L13: Four microbial species each were found associated with either cobblestoning [Roseburia intestinalis, Bacteroides vulgatus, Clostridium asparagiforme and Bacteriodes dorei] or oral ulcers [Turicimonas muris, Anaerostipes hadrus, Clostridium bolteae and Roseburia inulinivorans].
A14: Roseburia inulinivorans | B14: bacteria | C14: species | D14: Crohn's disease | E14: unclear | F14: disease_vs_control | G14: oral | I14: medium | J14: verified | K14: keep_flagged | L14: Four microbial species each were found associated with either cobblestoning [Roseburia intestinalis, Bacteroides vulgatus, Clostridium asparagiforme and Bacteriodes dorei] or oral ulcers [Turicimonas muris, Anaerostipes hadrus, Clostridium bolteae and Roseburia inulinivorans].
... A16: Faecalibacterium prausnitzii | B16: bacteria | C16: species | D16: Crohn's disease | E16: decreased | F16: disease_vs_control | G16: oral | I16: low | J16: verified | K16: keep_flagged | L16: Differentially abundant oral microbes in CD were predominantly the same stool species associated with IBD [i. e. increased abundances of Ruminococcus gnavus, decreased abundance of Faecalibacterium prausnitzii]

Sheet P1100
A1: Paper 1100 — Lung function and microbiota diversity in cystic fibrosis
A2: TAXON NAME | B2: DOMAIN | C2: TAXONOMIC LEVEL | D2: PRIMARY DISEASE | E2: DIRECTION | F2: CHANGE CONTEXT | G2: SAMPLE SITE | H2: P VALUE | I2: CONFIDENCE | J2: AGREEMENT | K2: QUEEN DECISION | L2: VERBATIM EVIDENCE | M2: STATUS | N2: CORRECTION | O2: SAM NOTES
A3: Pseudomonas aeruginosa | B3: bacteria | C3: species | D3: cystic fibrosis | E3: increased | F3: disease_vs_control | G3: lung | I3: high | J3: verified | K3: keep | L3: A clear pattern emerged of increasing dominance by recognised pathogens, which was mainly driven by the OTU identified as P. aeruginosa, as lung function decreased (Fig. 4a).
A4: Staphylococcus aureus | B4: bacteria | C4: species | D4: cystic fibrosis | E4: increased | F4: disease_vs_control | G4: lung | I4: medium | J4: verified | K4: keep | L4: From the top six OTUs that contributed most to the dissimilarity, these included five identified as recognised CF respiratory pathogens, including P. aeruginosa, S. aureus, B. cepacia complex, S. maltophilia (all core taxa in all categories) and H. influenzae (satellite taxon in all categories).
A5: Burkholderia cepacia complex | B5: bacteria | C5: species | D5: cystic fibrosis | E5: increased | F5: disease_vs_control | G5: lung | I5: medium | J5: verified | K5: keep | L5: From the top six OTUs that contributed most to the dissimilarity, these included five identified as recognised CF respiratory pathogens, including P. aeruginosa, S. aureus, B. cepacia complex, S. maltophilia (all core taxa in all categories) and H. influenzae.
A6: Stenotrophomonas maltophilia | B6: bacteria | C6: species | D6: cystic fibrosis | E6: increased | F6: disease_vs_control | G6: lung | I6: medium | J6: verified | K6: keep | L6: From the top six OTUs that contributed most to the dissimilarity, these included five identified as recognised CF respiratory pathogens, including P. aeruginosa, S. aureus, B. cepacia complex, S. maltophilia (all core taxa in all categories) and H. influenzae.
A7: Haemophilus influenzae | B7: bacteria | C7: species | D7: cystic fibrosis | E7: increased | F7: disease_vs_control | G7: lung | I7: medium | J7: verified | K7: keep | L7: From the top six OTUs that contributed most to the dissimilarity, these included five identified as recognised CF respiratory pathogens, including P. aeruginosa, S. aureus, B. cepacia complex, S. maltophilia (all core taxa in all categories) and H. influenzae (satellite taxon in all categories).
A8: Achromobacter xylosoxidans | B8: bacteria | C8: species | D8: cystic fibrosis | E8: unclear | F8: disease_vs_control | G8: lung | I8: low | J8: verified | K8: keep_flagged | L8: SIMPER analysis revealed that all recognised pathogen OTUs, with the exception of A. xylosoxidans, contributed substantially to the dissimilarity between lung disease categories (Table 2). In addition, the lung microbiota of individual patients became increasingly dominated by recognised pathogen OTUs, and especially by the P. aeruginosa OTU, in concert with decreasing lung function (Fig. 4). Again, A. xylosoxidans stood as an exception to this rule. Our findings, therefore, bring into question the perceived importance of this species in CF.
A9: Prevotella melaninogenica | B9: bacteria | C9: species | D9: cystic fibrosis | E9: decreased | F9: disease_vs_control | G9: lung | I9: high | J9: verified | K9: keep | L9: Conversely, better lung function associated with increasing dominance by other bacterial taxa, especially the putative P. melaninogenica OTU (Fig. 4b). Additionally, the second top taxon was an OTU identified as belonging to the Prevotella genus, putatively labelled as P. melaninogenica.
A10: Prevotella | B10: bacteria | C10: genus | D10: cystic fibrosis | E10: decreased | F10: disease_vs_control | G10: lung | I10: high | J10: verified | K10: keep | L10: Conversely, other bacteria, but especially OTUs identified as belonging to genera comprised of obligate anaerobes, were observed to increasingly dominate microbiota of patients with better lung function (Fig. 4). Taxa belonging to the genera of Prevotella, Porphyromonas, and Veillonella, as observed here, have been previously associated with better clinical outcomes when they dominate lung microbiota.
A11: Porphyromonas | B11: bacteria | C11: genus | D11: cystic fibrosis | E11: decreased | F11: disease_vs_control | G11: lung | I11: medium | J11: verified | K11: keep | L11: Taxa belonging to the genera of Prevotella, Porphyromonas, and Veillonella, as observed here, have been previously associated with better clinical outcomes when they dominate lung microbiota.
A12: Veillonella | B12: bacteria | C12: genus | D12: cystic fibrosis | E12: decreased | F12: disease_vs_control | G12: lung | I12: medium | J12: verified | K12: keep | L12: Taxa belonging to the genera of Prevotella, Porphyromonas, and Veillonella, as observed here, have been previously associated with better clinical outcomes when they dominate lung microbiota.
A13: Rothia | B13: bacteria | C13: genus | D13: cystic fibrosis | E13: decreased | F13: disease_vs_control | G13: lung | I13: low | J13: verified | K13: keep_flagged | L13: The remaining taxa within the SIMPER table predominantly comprised OTUs from the Streptococcus genus or OTUs from genera consisted of strict anaerobic species, including Prevotella, Porphyromonas, Rothia and Veillonella (Table 2).
A14: Streptococcus | B14: bacteria | C14: genus | D14: cystic fibrosis | E14: unclear | F14: disease_vs_control | G14: lung | I14: low | J14: verified | K14: keep_flagged | L14: The remaining taxa within the SIMPER table predominantly comprised OTUs from the Streptococcus genus or OTUs from genera consisted of strict anaerobic species, including Prevotella, Porphyromonas, Rothia and Veillonella (Table 2).

Sheet P1117
A1: Paper 1117 — The closed eye harbours a unique microbiome in dry eye disease
A2: TAXON NAME | B2: DOMAIN | C2: TAXONOMIC LEVEL | D2: PRIMARY DISEASE | E2: DIRECTION | F2: CHANGE CONTEXT | G2: SAMPLE SITE | H2: P VALUE | I2: CONFIDENCE | J2: AGREEMENT | K2: QUEEN DECISION | L2: VERBATIM EVIDENCE | M2: STATUS | N2: CORRECTION | O2: SAM NOTES
A3: Pseudomonas | B3: bacteria | C3: genus | D3: dry eye disease | E3: decreased | F3: disease_vs_control | G3: other | H3: < 2e-22 | I3: high | J3: verified | K3: keep | L3: A more rigorous normalization performed on our dataset confirmed the reduction in Pseudomonas spp. but not in Staphylococcus spp.
A4: Methylobacteriaceae | B4: bacteria | C4: family | D4: dry eye disease | E4: increased | F4: disease_vs_control | G4: other | H4: < 2e-22 | I4: high | J4: verified | K4: keep | L4: univariate analysis of the relative abundance of bacterial genera showed individuals with dry eye disease have differences in the relative abundance of 113 genera, with the most significant differences in OPB56, Methylobacteriaceae, Bacteroidetes, Pseudomonas, and Meiothermus (all with FDR-adjusted P < 2 × 10−22)
A5: Meiothermus | B5: bacteria | C5: genus | D5: dry eye disease | E5: unclear | F5: disease_vs_control | G5: other | H5: < 2e-22 | I5: high | J5: verified | K5: keep | L5: univariate analysis of the relative abundance of bacterial genera showed individuals with dry eye disease have differences in the relative abundance of 113 genera, with the most significant differences in OPB56, Methylobacteriaceae, Bacteroidetes, Pseudomonas, and Meiothermus (all with FDR-adjusted P < 2 × 10−22)
A6: OPB56 | B6: bacteria | C6: order | D6: dry eye disease | E6: decreased | F6: disease_vs_control | G6: other | H6: < 2e-22 | I6: high | J6: verified | K6: keep_flagged | L6: Discriminant analysis of principal components at the order level revealed the abundances of orders OPB56 and Rhizobiales are important to discriminate the normal eye while the orders Halanaerobiales, Erysipelotrichales and Anaeroplasmatales are important to discriminate dry eye
A7: Verrucomicrobia | B7: bacteria | C7: phylum | D7: dry eye disease | E7: unclear | F7: disease_vs_control | G7: other | H7: 4.6e-11 | I7: high | J7: verified | K7: keep | L7: At the phylum level, Firmicutes and Bacteroidetes remained unchanged, while Verrucomicrobia (FDR P = 4.6 × 10−11) and Proteobacteria (FDR P = 6.0 × 10−10) showed the most significant differences.
A8: Proteobacteria | B8: bacteria | C8: phylum | D8: dry eye disease | E8: unclear | F8: disease_vs_control | G8: other | H8: 6.0e-10 | I8: high | J8: verified | K8: keep | L8: At the phylum level, Firmicutes and Bacteroidetes remained unchanged, while Verrucomicrobia (FDR P = 4.6 × 10−11) and Proteobacteria (FDR P = 6.0 × 10−10) showed the most significant differences.
A9: Firmicutes | B9: bacteria | C9: phylum | D9: dry eye disease | E9: unchanged | F9: disease_vs_control | G9: other | I9: high | J9: verified | K9: keep | L9: At the phylum level, Firmicutes and Bacteroidetes remained unchanged, while Verrucomicrobia (FDR P = 4.6 × 10−11) and Proteobacteria (FDR P = 6.0 × 10−10) showed the most significant differences.
A10: Bacteroidetes | B10: bacteria | C10: phylum | D10: dry eye disease | E10: unchanged | F10: disease_vs_control | G10: other | I10: high | J10: verified | K10: keep | L10: At the phylum level, Firmicutes and Bacteroidetes remained unchanged, while Verrucomicrobia (FDR P = 4.6 × 10−11) and Proteobacteria (FDR P = 6.0 × 10−10) showed the most significant differences.
A11: Bradyrhizobium | B11: bacteria | C11: genus | D11: dry eye disease | E11: unclear | F11: disease_vs_control | G11: other | H11: < 1.1e-11 | I11: high | J11: verified | K11: keep | L11: Univariate analysis using negative binomial regression identified Methylobacteriaceae, Pseudomonas, Bradyrhizobium and Allobaculum as the five most differently abundant genera (all with FDR-adjusted P < 1.1 × 10−11, Supplemental Fig. S5a and Supplemental Table 4).
A12: Allobaculum | B12: bacteria | C12: genus | D12: dry eye disease | E12: unclear | F12: disease_vs_control | G12: other | H12: < 1.1e-11 | I12: high | J12: verified | K12: keep | L12: Univariate analysis using negative binomial regression identified Methylobacteriaceae, Pseudomonas, Bradyrhizobium and Allobaculum as the five most differently abundant genera (all with FDR-adjusted P < 1.1 × 10−11, Supplemental Fig. S5a and Supplemental Table 4).
A13: Halanaerobiales | B13: bacteria | C13: order | D13: dry eye disease | E13: increased | F13: disease_vs_control | G13: other | I13: medium | J13: verified | K13: keep | L13: Discriminant analysis of principal components at the order level revealed the abundances of orders OPB56 and Rhizobiales are important to discriminate the normal eye while the orders Halanaerobiales, Erysipelotrichales and Anaeroplasmatales are important to discriminate dry eye
A14: Erysipelotrichales | B14: bacteria | C14: order | D14: dry eye disease | E14: increased | F14: disease_vs_control | G14: other | I14: medium | J14: verified | K14: keep | L14: Discriminant analysis of principal components at the order level revealed the abundances of orders OPB56 and Rhizobiales are important to discriminate the normal eye while the orders Halanaerobiales, Erysipelotrichales and Anaeroplasmatales are important to discriminate dry eye
A15: Anaeroplasmatales | B15: bacteria | C15: order | D15: dry eye disease | E15: increased | F15: disease_vs_control | G15: other | I15: medium | J15: verified | K15: keep | L15: Discriminant analysis of principal components at the order level revealed the abundances of orders OPB56 and Rhizobiales are important to discriminate the normal eye while the orders Halanaerobiales, Erysipelotrichales and Anaeroplasmatales are important to discriminate dry eye
A16: Rhizobiales | B16: bacteria | C16: order | D16: dry eye disease | E16: decreased | F16: disease_vs_control | G16: other | I16: medium | J16: verified | K16: keep | L16: Discriminant analysis of principal components at the order level revealed the abundances of orders OPB56 and Rhizobiales are important to discriminate the normal eye while the orders Halanaerobiales, Erysipelotrichales and Anaeroplasmatales are important to discriminate dry eye
A17: Helicobacter | B17: bacteria | C17: genus | D17: dry eye disease | E17: increased | F17: disease_vs_control | G17: other | I17: medium | J17: verified | K17: keep | L17: We identified 5 genera that reliably identified individuals with dry eye (Pseudomonas, Methylobacteriaceae, Helicobacter, Acetobacter and Stenotrophomonas) with 3 genera that reliably identified normal patients (Leuconostocaceae, Streptococcus and Calothrix)
A18: Acetobacter | B18: bacteria | C18: genus | D18: dry eye disease | E18: increased | F18: disease_vs_control | G18: other | I18: medium | J18: verified | K18: keep | L18: We identified 5 genera that reliably identified individuals with dry eye (Pseudomonas, Methylobacteriaceae, Helicobacter, Acetobacter and Stenotrophomonas) with 3 genera that reliably identified normal patients (Leuconostocaceae, Streptococcus and Calothrix)
A19: Stenotrophomonas | B19: bacteria | C19: genus | D19: dry eye disease | E19: increased | F19: disease_vs_control | G19: other | I19: medium | J19: verified | K19: keep | L19: We identified 5 genera that reliably identified individuals with dry eye (Pseudomonas, Methylobacteriaceae, Helicobacter, Acetobacter and Stenotrophomonas) with 3 genera that reliably identified normal patients (Leuconostocaceae, Streptococcus and Calothrix)
A20: Leuconostocaceae | B20: bacteria | C20: family | D20: dry eye disease | E20: decreased | F20: disease_vs_control | G20: other | I20: medium | J20: verified | K20: keep | L20: We identified 5 genera that reliably identified individuals with dry eye (Pseudomonas, Methylobacteriaceae, Helicobacter, Acetobacter and Stenotrophomonas) with 3 genera that reliably identified normal patients (Leuconostocaceae, Streptococcus and Calothrix)
A21: Streptococcus | B21: bacteria | C21: genus | D21: dry eye disease | E21: decreased | F21: disease_vs_control | G21: other | H21: < 0.01 | I21: high | J21: verified | K21: keep | L21: Univariate analysis detected the most significant differences in the abundance of MLE112, Lactobacillaceae, Streptococcus, Sphingobium, Caldicoprobacter and Anaerococcus (ANOVA, P < 0.01, Fig. 3c)
A22: Calothrix | B22: bacteria | C22: genus | D22: dry eye disease | E22: decreased | F22: disease_vs_control | G22: other | I22: low | J22: verified | K22: keep_flagged | L22: We identified 5 genera that reliably identified individuals with dry eye (Pseudomonas, Methylobacteriaceae, Helicobacter, Acetobacter and Stenotrophomonas) with 3 genera that reliably identified normal patients (Leuconostocaceae, Streptococcus and Calothrix)
A23: Methylobacterium | B23: bacteria | C23: genus | D23: dry eye disease | E23: increased | F23: disease_vs_control | G23: other | I23: medium | J23: verified | K23: keep | L23: variable importance analysis identified the prevalence of the genera Methylobacterium, Megasphaera, Parabacteroides, S247, Bifidobacterium, Streptococcus, Desulfovibrio, Acetobacter, Dialister and Bacillus as particularly useful to identify samples from individuals with dry eye (Importance > 20)
A24: Megasphaera | B24: bacteria | C24: genus | D24: dry eye disease | E24: unclear | F24: disease_vs_control | G24: other | I24: low | J24: verified | K24: keep | L24: variable importance analysis identified the prevalence of the genera Methylobacterium, Megasphaera, Parabacteroides, S247, Bifidobacterium, Streptococcus, Desulfovibrio, Acetobacter, Dialister and Bacillus as particularly useful to identify samples from individuals with dry eye (Importance > 20)
A25: Parabacteroides | B25: bacteria | C25: genus | D25: dry eye disease | E25: unclear | F25: disease_vs_control | G25: other | I25: low | J25: verified | K25: keep | L25: variable importance analysis identified the prevalence of the genera Methylobacterium, Megasphaera, Parabacteroides, S247, Bifidobacterium, Streptococcus, Desulfovibrio, Acetobacter, Dialister and Bacillus as particularly useful to identify samples from individuals with dry eye (Importance > 20)
A26: Bifidobacterium | B26: bacteria | C26: genus | D26: dry eye disease | E26: unclear | F26: disease_vs_control | G26: other | I26: low | J26: verified | K26: keep | L26: variable importance analysis identified the prevalence of the genera Methylobacterium, Megasphaera, Parabacteroides, S247, Bifidobacterium, Streptococcus, Desulfovibrio, Acetobacter, Dialister and Bacillus as particularly useful to identify samples from individuals with dry eye (Importance > 20)
A27: Desulfovibrio | B27: bacteria | C27: genus | D27: dry eye disease | E27: unclear | F27: disease_vs_control | G27: other | I27: low | J27: verified | K27: keep | L27: variable importance analysis identified the prevalence of the genera Methylobacterium, Megasphaera, Parabacteroides, S247, Bifidobacterium, Streptococcus, Desulfovibrio, Acetobacter, Dialister and Bacillus as particularly useful to identify samples from individuals with dry eye (Importance > 20)
A28: Dialister | B28: bacteria | C28: genus | D28: dry eye disease | E28: unclear | F28: disease_vs_control | G28: other | I28: low | J28: verified | K28: keep | L28: variable importance analysis identified the prevalence of the genera Methylobacterium, Megasphaera, Parabacteroides, S247, Bifidobacterium, Streptococcus, Desulfovibrio, Acetobacter, Dialister and Bacillus as particularly useful to identify samples from individuals with dry eye (Importance > 20)
A29: Bacillus | B29: bacteria | C29: genus | D29: dry eye disease | E29: unclear | F29: disease_vs_control | G29: other | I29: low | J29: verified | K29: keep | L29: variable importance analysis identified the prevalence of the genera Methylobacterium, Megasphaera, Parabacteroides, S247, Bifidobacterium, Streptococcus, Desulfovibrio, Acetobacter, Dialister and Bacillus as particularly useful to identify samples from individuals with dry eye (Importance > 20)
A30: Lactobacillaceae | B30: bacteria | C30: family | D30: dry eye disease | E30: unclear | F30: disease_vs_control | G30: other | H30: < 0.01 | I30: medium | J30: verified | K30: keep | L30: Univariate analysis detected the most significant differences in the abundance of MLE112, Lactobacillaceae, Streptococcus, Sphingobium, Caldicoprobacter and Anaerococcus (ANOVA, P < 0.01, Fig. 3c)
A31: Sphingobium | B31: bacteria | C31: genus | D31: dry eye disease | E31: unclear | F31: disease_vs_control | G31: other | H31: < 0.01 | I31: medium | J31: verified | K31: keep | L31: Univariate analysis detected the most significant differences in the abundance of MLE112, Lactobacillaceae, Streptococcus, Sphingobium, Caldicoprobacter and Anaerococcus (ANOVA, P < 0.01, Fig. 3c)
A32: Caldicoprobacter | B32: bacteria | C32: genus | D32: dry eye disease | E32: unclear | F32: disease_vs_control | G32: other | H32: < 0.01 | I32: medium | J32: verified | K32: keep | L32: Univariate analysis detected the most significant differences in the abundance of MLE112, Lactobacillaceae, Streptococcus, Sphingobium, Caldicoprobacter and Anaerococcus (ANOVA, P < 0.01, Fig. 3c)
A33: Anaerococcus | B33: bacteria | C33: genus | D33: dry eye disease | E33: unclear | F33: disease_vs_control | G33: other | H33: < 0.01 | I33: medium | J33: verified | K33: keep | L33: Univariate analysis detected the most significant differences in the abundance of MLE112, Lactobacillaceae, Streptococcus, Sphingobium, Caldicoprobacter and Anaerococcus (ANOVA, P < 0.01, Fig. 3c)
A34: Azospirillum | B34: bacteria | C34: genus | D34: dry eye disease | E34: unclear | F34: disease_vs_control | G34: other | H34: < 7.0e-18 | I34: high | J34: verified | K34: keep | L34: negative binomial regression noted the greatest differences in the abundance of the genera Methylobacteriaceae, Pseudomonas, Azospirillum, Bradyrhizobium and Coriobacteriaceae (all with FDR-adjusted P < 7.0 × 10−18)
A35: Coriobacteriaceae | B35: bacteria | C35: family | D35: dry eye disease | E35: unclear | F35: disease_vs_control | G35: other | H35: < 7.0e-18 | I35: high | J35: verified | K35: keep | L35: negative binomial regression noted the greatest differences in the abundance of the genera Methylobacteriaceae, Pseudomonas, Azospirillum, Bradyrhizobium and Coriobacteriaceae (all with FDR-adjusted P < 7.0 × 10−18)
A36: Staphylococcus | B36: bacteria | C36: genus | D36: dry eye disease | E36: unchanged | F36: disease_vs_control | G36: other | I36: high | J36: verified | K36: keep | L36: A more rigorous normalization performed on our dataset confirmed the reduction in Pseudomonas spp. but not in Staphylococcus spp.
A37: OPB58 | B37: bacteria | C37: order | D37: dry eye disease | E37: decreased | F37: disease_vs_control | G37: other | I37: medium | J37: verified | K37: keep_flagged | L37: discriminant analysis of principal components at the order level identified OPB58 and Bacteroidetes as important discriminators of the normal eye. In individuals with dry eye, additional orders enabled further discrimination, with Flavobacteriales, Alteromonadales and Actinomycetes, Anaeroplasmatales and Desulfuromonadales functioning as the primary discriminators
A38: Bacteroidetes | B38: bacteria | C38: phylum | D38: dry eye disease | E38: decreased | F38: disease_vs_control | G38: other | I38: low | J38: verified | K38: keep_flagged | L38: discriminant analysis of principal components at the order level identified OPB58 and Bacteroidetes as important discriminators of the normal eye. In individuals with dry eye, additional orders enabled further discrimination, with Flavobacteriales, Alteromonadales and Actinomycetes, Anaeroplasmatales and Desulfuromonadales functioning as the primary discriminators
A39: Flavobacteriales | B39: bacteria | C39: order | D39: dry eye disease | E39: increased | F39: disease_vs_control | G39: other | I39: medium | J39: verified | K39: keep | L39: discriminant analysis of principal components at the order level identified OPB58 and Bacteroidetes as important discriminators of the normal eye. In individuals with dry eye, additional orders enabled further discrimination, with Flavobacteriales, Alteromonadales and Actinomycetes, Anaeroplasmatales and Desulfuromonadales functioning as the primary discriminators
A40: Alteromonadales | B40: bacteria | C40: order | D40: dry eye disease | E40: increased | F40: disease_vs_control | G40: other | I40: medium | J40: verified | K40: keep | L40: discriminant analysis of principal components at the order level identified OPB58 and Bacteroidetes as important discriminators of the normal eye. In individuals with dry eye, additional orders enabled further discrimination, with Flavobacteriales, Alteromonadales and Actinomycetes, Anaeroplasmatales and Desulfuromonadales functioning as the primary discriminators
A41: Actinomycetes | B41: bacteria | C41: class | D41: dry eye disease | E41: increased | F41: disease_vs_control | G41: other | I41: low | J41: verified | K41: keep_flagged | L41: discriminant analysis of principal components at the order level identified OPB58 and Bacteroidetes as important discriminators of the normal eye. In individuals with dry eye, additional orders enabled further discrimination, with Flavobacteriales, Alteromonadales and Actinomycetes, Anaeroplasmatales and Desulfuromonadales functioning as the primary discriminators
A42: Desulfuromonadales | B42: bacteria | C42: order | D42: dry eye disease | E42: increased | F42: disease_vs_control | G42: other | I42: medium | J42: verified | K42: keep | L42: discriminant analysis of principal components at the order level identified OPB58 and Bacteroidetes as important discriminators of the normal eye. In individuals with dry eye, additional orders enabled further discrimination, with Flavobacteriales, Alteromonadales and Actinomycetes, Anaeroplasmatales and Desulfuromonadales functioning as the primary discriminators

Sheet P1128
A1: Paper 1128 — Fecal Microbiota Transplantation (FMT) From a Human at Low Risk for Alzheimer's Disease Improves Short-Term Recognition Memory and Increases Neuroinflammation in a 3xTg AD Mouse Model
A2: TAXON NAME | B2: DOMAIN | C2: TAXONOMIC LEVEL | D2: PRIMARY DISEASE | E2: DIRECTION | F2: CHANGE CONTEXT | G2: SAMPLE SITE | H2: P VALUE | I2: CONFIDENCE | J2: AGREEMENT | K2: QUEEN DECISION | L2: VERBATIM EVIDENCE | M2: STATUS | N2: CORRECTION | O2: SAM NOTES
A3: Parabacteroides | B3: bacteria | C3: genus | D3: Alzheimer's disease | E3: increased | F3: treatment_effect | G3: gut | H3: q<0.02 | I3: high | J3: verified | K3: keep | L3: Parabacteroides was increased in the APOEe2-FMT group and both Ligilactobacilus and Coprostanoligenes groups were specifically reduced in the AD-FMT group when compared to the mice-FMT group (Figure 3C).
A4: Prevotellaceae_UGC_001 | B4: bacteria | C4: genus | D4: Alzheimer's disease | E4: increased | F4: treatment_effect | G4: gut | H4: p<0.05 | I4: high | J4: verified | K4: keep | L4: Biophila, Muribaculum, Parabacteroides, and Prevotellaceae_UGC_001 are positively associated, and Desulfovibrio, f_Ruminococcaceae g_uncultured, and g_Anaerotruncus are negatively associated with both neuroinflammation and APOEe2-FMT
A5: Desulfovibrio | B5: bacteria | C5: genus | D5: Alzheimer's disease | E5: decreased | F5: treatment_effect | G5: gut | H5: q<0.02 | I5: high | J5: verified | K5: keep | L5: Rikenella, Eggerthellaceae_uncultured, and Desulfovibrio genera were reduced only in the 'protected' FMT (APOEe2 and young)
A6: Rikenella | B6: bacteria | C6: genus | D6: Alzheimer's disease | E6: decreased | F6: treatment_effect | G6: gut | H6: q<0.02 | I6: high | J6: verified | K6: keep | L6: Rikenella, Eggerthellaceae_uncultured, and Desulfovibrio genera were reduced only in the 'protected' FMT (APOEe2 and young)
A7: Eggerthellaceae_uncultured | B7: bacteria | C7: genus | D7: Alzheimer's disease | E7: decreased | F7: treatment_effect | G7: gut | H7: q<0.02 | I7: high | J7: verified | K7: keep | L7: Rikenella, Eggerthellaceae_uncultured, and Desulfovibrio genera were reduced only in the 'protected' FMT (APOEe2 and young)
A8: Ligilactobacillus | B8: bacteria | C8: genus | D8: Alzheimer's disease | E8: decreased | F8: treatment_effect | G8: gut | H8: q<0.02 | I8: high | J8: verified | K8: keep | L8: both Ligilactobacilus and Coprostanoligenes groups were specifically reduced in the AD-FMT group when compared to the mice-FMT group (Figure 3C)
A9: Coprostanoligenes group | B9: bacteria | C9: genus | D9: Alzheimer's disease | E9: decreased | F9: treatment_effect | G9: gut | H9: q<0.02 | I9: high | J9: verified | K9: keep | L9: both Ligilactobacilus and Coprostanoligenes groups were specifically reduced in the AD-FMT group when compared to the mice-FMT group (Figure 3C)
A10: Phascolactobacterium | B10: bacteria | C10: genus | D10: Alzheimer's disease | E10: increased | F10: treatment_effect | G10: gut | H10: p<0.05 | I10: high | J10: verified | K10: keep | L10: Phascolactobacterium was significantly associated with Young-FMT when compared to both mice and AD-FMT
A11: Biophila | B11: bacteria | C11: genus | D11: Alzheimer's disease | E11: increased | F11: treatment_effect | G11: gut | H11: p<0.05 | I11: low | J11: verified | K11: keep_flagged | L11: Biophila, Muribaculum, Parabacteroides, and Prevotellaceae_UGC_001 are positively associated, and Desulfovibrio, f_Ruminococcaceae g_uncultured, and g_Anaerotruncus are negatively associated with both neuroinflammation and APOEe2-FMT
A12: Muribaculum | B12: bacteria | C12: genus | D12: Alzheimer's disease | E12: increased | F12: treatment_effect | G12: gut | H12: p<0.05 | I12: medium | J12: verified | K12: keep | L12: Biophila, Muribaculum, Parabacteroides, and Prevotellaceae_UGC_001 are positively associated, and Desulfovibrio, f_Ruminococcaceae g_uncultured, and g_Anaerotruncus are negatively associated with both neuroinflammation and APOEe2-FMT
A13: f_Ruminococcaceae g_uncultured | B13: bacteria | C13: genus | D13: Alzheimer's disease | E13: decreased | F13: treatment_effect | G13: gut | H13: p<0.05 | I13: medium | J13: verified | K13: keep | L13: Biophila, Muribaculum, Parabacteroides, and Prevotellaceae_UGC_001 are positively associated, and Desulfovibrio, f_Ruminococcaceae g_uncultured, and g_Anaerotruncus are negatively associated with both neuroinflammation and APOEe2-FMT
A14: Anaerotruncus | B14: bacteria | C14: genus | D14: Alzheimer's disease | E14: decreased | F14: treatment_effect | G14: gut | H14: p<0.05 | I14: medium | J14: verified | K14: keep | L14: Biophila, Muribaculum, Parabacteroides, and Prevotellaceae_UGC_001 are positively associated, and Desulfovibrio, f_Ruminococcaceae g_uncultured, and g_Anaerotruncus are negatively associated with both neuroinflammation and APOEe2-FMT

Sheet P1220
A1: Paper 1220 — Comparative analysis of the bronchoalveolar microbiome in Portuguese patients with different chronic lung disorders
A2: TAXON NAME | B2: DOMAIN | C2: TAXONOMIC LEVEL | D2: PRIMARY DISEASE | E2: DIRECTION | F2: CHANGE CONTEXT | G2: SAMPLE SITE | H2: P VALUE | I2: CONFIDENCE | J2: AGREEMENT | K2: QUEEN DECISION | L2: VERBATIM EVIDENCE | M2: STATUS | N2: CORRECTION | O2: SAM NOTES
A3: Streptococcus | B3: bacteria | C3: genus | D3: lung cancer | E3: increased | F3: disease_vs_control | G3: lung | H3: 0.03852 | I3: high | J3: verified | K3: keep | L3: only Streptococcus diverged between LC and non-LC groups (Wilcoxon rank sum test; p value = 0. 03852; Cohen's dS = 0. 30)
A4: Prevotella | B4: bacteria | C4: genus | D4: lung cancer | E4: increased | F4: disease_vs_control | G4: lung | H4: 0.04405 | I4: high | J4: verified | K4: keep_flagged | L4: Prevotella proportions separated LC* from ILD cases (Wilcoxon rank sum test;p value = 0. 04405; Cohen's dS = 0. 65)
A5: Prevotella | B5: bacteria | C5: genus | D5: interstitial lung disease | E5: decreased | F5: disease_vs_control | G5: lung | H5: 0.04405 | I5: high | J5: verified | K5: keep_flagged | L5: In our study, we observed a decreased prevalence of Prevotella in the ILD cohort, but a higher prevalence in LC*
A6: Haemophilus | B6: bacteria | C6: genus | D6: chronic obstructive pulmonary disease | E6: increased | F6: disease_vs_control | G6: lung | H6: 0.005107 | I6: high | J6: verified | K6: keep | L6: Haemophilus also varied significantly in the ILD versus COPD comparison (Wilcoxon rank sum test; p value = 0. 005107; Cohen's dS = 0. 74)
A7: Haemophilus | B7: bacteria | C7: genus | D7: interstitial lung disease | E7: decreased | F7: disease_vs_control | G7: lung | H7: 0.005107 | I7: high | J7: verified | K7: keep_flagged | L7: Haemophilus was enhanced in COPD versus ILD
A8: Pseudomonas | B8: bacteria | C8: genus | D8: interstitial lung disease | E8: increased | F8: disease_vs_control | G8: lung | I8: low | J8: verified | K8: keep_flagged | L8: The genera Pseudomonas and Staphylococcus previously described as associated with a worse IPF prognosis tended to be higher in our ILD cases compared to COPD and LC*, but this was not significant
A9: Staphylococcus | B9: bacteria | C9: genus | D9: interstitial lung disease | E9: increased | F9: disease_vs_control | G9: lung | I9: low | J9: verified | K9: keep_flagged | L9: The genera Pseudomonas and Staphylococcus previously described as associated with a worse IPF prognosis tended to be higher in our ILD cases compared to COPD and LC*, but this was not significant

Sheet P1240
A1: Paper 1240 — Whole Genome Profiling of Lung Microbiome in Solid Organ Transplant Recipients Reveals Virus Involved Microecology May Worsen Prognosis
A2: TAXON NAME | B2: DOMAIN | C2: TAXONOMIC LEVEL | D2: PRIMARY DISEASE | E2: DIRECTION | F2: CHANGE CONTEXT | G2: SAMPLE SITE | H2: P VALUE | I2: CONFIDENCE | J2: AGREEMENT | K2: QUEEN DECISION | L2: VERBATIM EVIDENCE | M2: STATUS | N2: CORRECTION | O2: SAM NOTES
A3: Pneumocystis jirovecii | B3: fungi | C3: species | D3: respiratory infection in solid organ transplant recipients | E3: increased | F3: disease_vs_control | G3: lung | I3: medium | J3: verified | K3: keep | L3: A further comparison of species of microorganisms in the virus-positive group and the virus-negative group showed significant differences in the top 20 lung species (such as Pneumocystis jirovecii, Moraxella osloensis, CMV) and other species beyond the top 20
A4: Pneumocystis jirovecii | B4: fungi | C4: species | D4: respiratory infection in solid organ transplant recipients | E4: increased | F4: disease_vs_control | G4: lung | I4: medium | J4: verified | K4: keep | L4: Microbial analysis showed significant differences in top-20 species (such as Pneumocystis jirovecii and Veillonella parvula) and other species... Our results showed that compared with the corresponding negative group, PJP was significantly different in the virus-positive and CMV-positive groups... 71.4% (10/14) of CMV-positive cases were associated with PJP infection
A5: Moraxella osloensis | B5: bacteria | C5: species | D5: respiratory infection in solid organ transplant recipients | E5: decreased | F5: disease_vs_control | G5: lung | I5: medium | J5: verified | K5: keep | L5: the proportion of Moraxella osloensis, one of the top 20 species in lung microbiology, decreased in the virus-positive group
A6: Veillonella parvula | B6: bacteria | C6: species | D6: respiratory infection in solid organ transplant recipients | E6: decreased | F6: disease_vs_control | G6: lung | I6: medium | J6: verified | K6: keep | L6: the proportion of Veillonella parvula, also one of the top 20 species in lung microbiology, decreased in the CMV-positive group

Sheet P134
A1: Paper 134 — Shotgun metagenomics reveals the gut microbial diversity and functions in Vespa mandarinia (Hymenoptera: Vespidae) at multiple life stages
A2: TAXON NAME | B2: DOMAIN | C2: TAXONOMIC LEVEL | D2: PRIMARY DISEASE | E2: DIRECTION | F2: CHANGE CONTEXT | G2: SAMPLE SITE | H2: P VALUE | I2: CONFIDENCE | J2: AGREEMENT | K2: QUEEN DECISION | L2: VERBATIM EVIDENCE | M2: STATUS | N2: CORRECTION | O2: SAM NOTES
A3: No relationships extracted — please review paper manually and add below if needed.

Sheet P141
A1: Paper 141 — Reproducibility and Comparability of Fecal Microbiome Associations with Colorectal Cancer in a Cross-Sectional Study
A2: TAXON NAME | B2: DOMAIN | C2: TAXONOMIC LEVEL | D2: PRIMARY DISEASE | E2: DIRECTION | F2: CHANGE CONTEXT | G2: SAMPLE SITE | H2: P VALUE | I2: CONFIDENCE | J2: AGREEMENT | K2: QUEEN DECISION | L2: VERBATIM EVIDENCE | M2: STATUS | N2: CORRECTION | O2: SAM NOTES
A3: Fusobacteria | B3: bacteria | C3: phylum | D3: colorectal cancer | E3: increased | F3: disease_vs_control | G3: fecal | H3: 0.003 | I3: high | J3: unanimous | K3: keep | L3: we reproduced a significant association between the presence of the Fusobacteria phyla and CRC case status (p = 0. 003), specifically that 76. 9% of cases and 48. 1% of controls had detectable Fusobacteria.
A4: Fusobacterium | B4: bacteria | C4: genus | D4: colorectal cancer | E4: increased | F4: disease_vs_control | G4: fecal | H4: 0.006 | I4: high | J4: unanimous | K4: keep | L4: the WGSS also had higher prevalent detection rate for other taxa, and it reproduced a significant association between the presence of Fusobacterium (p = 0. 006)
A5: Porphyromonas | B5: bacteria | C5: genus | D5: colorectal cancer | E5: increased | F5: disease_vs_control | G5: fecal | H5: 0.032 | I5: high | J5: unanimous | K5: keep | L5: reproduced a significant association between the presence of Fusobacterium (p = 0. 006) and Porphyromonas (p = 0. 032) with CRC case status.
A6: Atopobium | B6: bacteria | C6: genus | D6: colorectal cancer | E6: unchanged | F6: disease_vs_control | G6: fecal | H6: 0.328 | I6: high | J6: majority | K6: keep | L6: The association between Atopobium and CRC from the 16S DC was not reproduced in the WGSS (Table 2)
A7: Clostridia | B7: bacteria | C7: class | D7: colorectal cancer | E7: decreased | F7: disease_vs_control | G7: fecal | H7: 0.092 | I7: medium | J7: majority | K7: keep_flagged | L7: we did not reproduce associations between the relative abundance of specific taxa and CRC case status, although the association between the relative abundance of Clostridia tended to be lower in cases (p = 0. 092).
A8: Coprococcus | B8: bacteria | C8: genus | D8: colorectal cancer | E8: unchanged | F8: disease_vs_control | G8: fecal | H8: 0.977 | I8: high | J8: majority | K8: keep | L8: Coprococcus 1.2% cases vs 1.4% controls, p=0.977 (Table 3, WGSS DC)
A9: Bacteroidia | B9: bacteria | C9: class | D9: colorectal cancer | E9: unchanged | F9: disease_vs_control | G9: fecal | I9: low | J9: single_extractor | K9: keep_flagged | L9: the class with a highest relative abundance was Bacteroidia, which had a relative abundance of 53. 2% in cases and 50. 9% in controls (S1 Table).
A10: Fusobacteria | B10: bacteria | C10: phylum | D10: colorectal cancer | E10: increased | F10: disease_vs_control | G10: fecal | H10: 0.007 | I10: high | J10: late_discovery | K10: keep | L10: Fusobacteria (phylum) 36.2% cases vs 16.0% controls, p=0.007 (Table 2, 16S DC)
A11: Fusobacterium | B11: bacteria | C11: genus | D11: colorectal cancer | E11: increased | F11: disease_vs_control | G11: fecal | H11: 0.004 | I11: high | J11: late_discovery | K11: keep | L11: Fusobacterium 31.9% cases vs 11.7% controls, p=0.004 (Table 2, 16S DC)
A12: Atopobium | B12: bacteria | C12: genus | D12: colorectal cancer | E12: increased | F12: disease_vs_control | G12: fecal | H12: <0.001 | I12: high | J12: late_discovery | K12: keep | L12: Atopobium 19.2% cases vs 2.1% controls, p<0.001 (Table 2, 16S DC)
A13: Porphyromonas | B13: bacteria | C13: genus | D13: colorectal cancer | E13: increased | F13: disease_vs_control | G13: fecal | H13: 0.001 | I13: high | J13: late_discovery | K13: keep | L13: Porphyromonas 27.7% cases vs 7.5% controls, p=0.001 (Table 2, 16S DC)
A14: Clostridia | B14: bacteria | C14: class | D14: colorectal cancer | E14: decreased | F14: disease_vs_control | G14: fecal | H14: 0.005 | I14: high | J14: late_discovery | K14: keep | L14: Clostridia (class) 68.6% cases vs 77.8% controls, p=0.005 (Table 3, 16S DC)
A15: Coprococcus | B15: bacteria | C15: genus | D15: colorectal cancer | E15: decreased | F15: disease_vs_control | G15: fecal | H15: 0.002 | I15: high | J15: late_discovery | K15: keep | L15: Coprococcus 1.7% cases vs 3.7% controls, p=0.002 (Table 3, 16S DC)

Sheet P1421
A1: Paper 1421 — Periodontitis-related salivary microbiota aggravates Alzheimer's disease via gut-brain axis crosstalk
A2: TAXON NAME | B2: DOMAIN | C2: TAXONOMIC LEVEL | D2: PRIMARY DISEASE | E2: DIRECTION | F2: CHANGE CONTEXT | G2: SAMPLE SITE | H2: P VALUE | I2: CONFIDENCE | J2: AGREEMENT | K2: QUEEN DECISION | L2: VERBATIM EVIDENCE | M2: STATUS | N2: CORRECTION | O2: SAM NOTES
A3: Bacteroidetes | B3: bacteria | C3: phylum | D3: Alzheimer's disease | E3: increased | F3: disease_vs_control | G3: oral | I3: medium | J3: verified | K3: keep_flagged | L3: The phylum Bacteroidetes showed a tendency to increase in abundance, and Firmicutes decreased in the PS group compared to the HS group.
A4: Firmicutes | B4: bacteria | C4: phylum | D4: Alzheimer's disease | E4: decreased | F4: disease_vs_control | G4: oral | I4: medium | J4: verified | K4: keep | L4: The phylum Bacteroidetes showed a tendency to increase in abundance, and Firmicutes decreased in the PS group compared to the HS group.
A5: Treponema | B5: bacteria | C5: genus | D5: Alzheimer's disease | E5: increased | F5: disease_vs_control | G5: oral | H5: < 0.05 | I5: high | J5: verified | K5: keep | L5: Periodontal pathogens such as Treponema, Porphyromonas, and Fusobacterium, were enriched in periodontitis saliva according to the random forest and linear discriminant analysis effect size (LEfSe) results.
A6: Porphyromonas | B6: bacteria | C6: genus | D6: Alzheimer's disease | E6: increased | F6: disease_vs_control | G6: oral | H6: < 0.05 | I6: high | J6: verified | K6: keep | L6: Periodontal pathogens such as Treponema, Porphyromonas, and Fusobacterium, were enriched in periodontitis saliva according to the random forest and linear discriminant analysis effect size (LEfSe) results.
A7: Fusobacterium | B7: bacteria | C7: genus | D7: Alzheimer's disease | E7: increased | F7: disease_vs_control | G7: oral | H7: < 0.05 | I7: high | J7: verified | K7: keep | L7: Periodontal pathogens such as Treponema, Porphyromonas, and Fusobacterium, were enriched in periodontitis saliva according to the random forest and linear discriminant analysis effect size (LEfSe) results.
A8: Bacteroidetes | B8: bacteria | C8: phylum | D8: Alzheimer's disease | E8: increased | F8: treatment_effect | G8: fecal | H8: < 0.05 | I8: high | J8: verified | K8: keep | L8: At the phylum level, the amount of Bacteroidetes increased by 28.33%, while that of Firmicutes decreased by 27.66% in the P group versus the H group.
A9: Firmicutes | B9: bacteria | C9: phylum | D9: Alzheimer's disease | E9: decreased | F9: treatment_effect | G9: fecal | H9: < 0.05 | I9: high | J9: verified | K9: keep | L9: At the phylum level, the amount of Bacteroidetes increased by 28.33%, while that of Firmicutes decreased by 27.66% in the P group versus the H group.
A10: Sutterella | B10: bacteria | C10: genus | D10: Alzheimer's disease | E10: increased | F10: treatment_effect | G10: fecal | H10: < 0.01 | I10: high | J10: verified | K10: keep | L10: the relative abundance of Sutterella was significantly increased in the P group versus the H group (p < .01) (Figure S1A)
A11: Lactobacillus | B11: bacteria | C11: genus | D11: Alzheimer's disease | E11: decreased | F11: treatment_effect | G11: fecal | I11: low | J11: verified | K11: keep_flagged | L11: that of Lactobacillus was reduced in the P group, although no significant difference between groups was found (Figure S1B)
A12: Odoribacter | B12: bacteria | C12: genus | D12: Alzheimer's disease | E12: unclear | F12: treatment_effect | G12: fecal | I12: low | J12: verified | K12: keep_flagged | L12: Odoribacter, Sutterella, Ruminococcus, Helicobacter, Allobaculum, Oscillospira, Rikenella, and Dorea were the most representative differential microbiota between the P and H groups, according to the LEfSe results and random forest analysis... Sutterella, Allobaculum, and Odoribacter displayed strong positive correlations with the AD-related parameters.
A13: Allobaculum | B13: bacteria | C13: genus | D13: Alzheimer's disease | E13: unclear | F13: treatment_effect | G13: fecal | I13: low | J13: verified | K13: keep_flagged | L13: Odoribacter, Sutterella, Ruminococcus, Helicobacter, Allobaculum, Oscillospira, Rikenella, and Dorea were the most representative differential microbiota between the P and H groups, according to the LEfSe results and random forest analysis... Sutterella, Allobaculum, and Odoribacter displayed strong positive correlations with the AD-related parameters.
A14: Ruminococcus | B14: bacteria | C14: genus | D14: Alzheimer's disease | E14: unclear | F14: treatment_effect | G14: fecal | I14: low | J14: verified | K14: keep_flagged | L14: Odoribacter, Sutterella, Ruminococcus, Helicobacter, Allobaculum, Oscillospira, Rikenella, and Dorea were the most representative differential microbiota between the P and H groups... Lactobacillus, Oscillospira, Ruminococcus, Rikenella, and Helicobacter were negatively correlated with most AD phenotypes.
A15: Helicobacter | B15: bacteria | C15: genus | D15: Alzheimer's disease | E15: unclear | F15: treatment_effect | G15: fecal | I15: low | J15: verified | K15: keep_flagged | L15: Odoribacter, Sutterella, Ruminococcus, Helicobacter, Allobaculum, Oscillospira, Rikenella, and Dorea were the most representative differential microbiota between the P and H groups... Lactobacillus, Oscillospira, Ruminococcus, Rikenella, and Helicobacter were negatively correlated with most AD phenotypes.
A16: Oscillospira | B16: bacteria | C16: genus | D16: Alzheimer's disease | E16: unclear | F16: treatment_effect | G16: fecal | I16: low | J16: verified | K16: keep_flagged | L16: Odoribacter, Sutterella, Ruminococcus, Helicobacter, Allobaculum, Oscillospira, Rikenella, and Dorea were the most representative differential microbiota between the P and H groups... Lactobacillus, Oscillospira, Ruminococcus, Rikenella, and Helicobacter were negatively correlated with most AD phenotypes.
A17: Rikenella | B17: bacteria | C17: genus | D17: Alzheimer's disease | E17: unclear | F17: treatment_effect | G17: fecal | I17: low | J17: verified | K17: keep_flagged | L17: Odoribacter, Sutterella, Ruminococcus, Helicobacter, Allobaculum, Oscillospira, Rikenella, and Dorea were the most representative differential microbiota between the P and H groups... Lactobacillus, Oscillospira, Ruminococcus, Rikenella, and Helicobacter were negatively correlated with most AD phenotypes.

Sheet P1594
A1: Paper 1594 — The altered sputum microbiome profile in patients with moderate and severe COPD exacerbations, compared to the healthy group in the Indian population
A2: TAXON NAME | B2: DOMAIN | C2: TAXONOMIC LEVEL | D2: PRIMARY DISEASE | E2: DIRECTION | F2: CHANGE CONTEXT | G2: SAMPLE SITE | H2: P VALUE | I2: CONFIDENCE | J2: AGREEMENT | K2: QUEEN DECISION | L2: VERBATIM EVIDENCE | M2: STATUS | N2: CORRECTION | O2: SAM NOTES
A3: Firmicutes | B3: bacteria | C3: phylum | D3: chronic obstructive pulmonary disease (COPD) | E3: increased | F3: disease_vs_control | G3: respiratory | I3: high | J3: verified | K3: keep | L3: A significantly higher proportion of Firmicutes and Actinobacteria were present in respiratory samples from patients with moderate COPD and Proteobacteria was comparatively increased in severe COPD, whereas in healthy individuals, Bacteroidetes and Fusobacteria were present in a higher abundance compared to both COPD groups.
A4: Actinobacteria | B4: bacteria | C4: phylum | D4: chronic obstructive pulmonary disease (COPD) | E4: increased | F4: disease_vs_control | G4: respiratory | I4: high | J4: verified | K4: keep | L4: A significantly higher proportion of Firmicutes and Actinobacteria were present in respiratory samples from patients with moderate COPD
A5: Proteobacteria | B5: bacteria | C5: phylum | D5: chronic obstructive pulmonary disease (COPD) | E5: increased | F5: disease_vs_control | G5: respiratory | I5: medium | J5: verified | K5: keep | L5: Proteobacteria numbers were comparatively increased in severe COPD
A6: Bacteroidetes | B6: bacteria | C6: phylum | D6: chronic obstructive pulmonary disease (COPD) | E6: decreased | F6: disease_vs_control | G6: respiratory | I6: medium | J6: verified | K6: keep | L6: in healthy individuals, Bacteroidetes and Fusobacteria were present in a higher abundance compared to both COPD groups
A7: Fusobacteria | B7: bacteria | C7: phylum | D7: chronic obstructive pulmonary disease (COPD) | E7: decreased | F7: disease_vs_control | G7: respiratory | I7: medium | J7: verified | K7: keep | L7: in healthy individuals, Bacteroidetes and Fusobacteria were present in a higher abundance compared to both COPD groups
A8: Streptococcus | B8: bacteria | C8: genus | D8: chronic obstructive pulmonary disease (COPD) | E8: increased | F8: disease_vs_control | G8: respiratory | H8: <0.05 | I8: high | J8: verified | K8: keep | L8: An increasing abundance of Streptococcus (p<0.05), and Rothia was observed in moderate COPD samples
A9: Rothia | B9: bacteria | C9: genus | D9: chronic obstructive pulmonary disease (COPD) | E9: increased | F9: disease_vs_control | G9: respiratory | I9: high | J9: verified | K9: keep | L9: An increasing abundance of Streptococcus (p<0.05), and Rothia was observed in moderate COPD samples
A10: Prevotella | B10: bacteria | C10: genus | D10: chronic obstructive pulmonary disease (COPD) | E10: decreased | F10: disease_vs_control | G10: respiratory | I10: high | J10: verified | K10: keep | L10: Streptococcus was the predominant genus among the COPD sputum samples, whereas Prevotella was significantly higher in healthy controls.
A11: Pseudomonas | B11: bacteria | C11: genus | D11: chronic obstructive pulmonary disease (COPD) | E11: increased | F11: disease_vs_control | G11: respiratory | I11: high | J11: verified | K11: keep | L11: Morexalla and Pseudomonas were relatively higher in severe COPD
A12: Leptotrichia | B12: bacteria | C12: genus | D12: chronic obstructive pulmonary disease (COPD) | E12: increased | F12: disease_vs_control | G12: respiratory | I12: high | J12: verified | K12: keep | L12: For the severe COPD, genera Pseudomonas and Leptotrichia were higher
A13: Fusobacterium | B13: bacteria | C13: genus | D13: chronic obstructive pulmonary disease (COPD) | E13: decreased | F13: disease_vs_control | G13: respiratory | I13: high | J13: verified | K13: keep | L13: Fusobacterium, Bacteroidales, Peptostreptococcus, Prevotella, Porphyromonas, Alloprevotella, etc. were dominant in healthy individuals.
A14: Moraxella | B14: bacteria | C14: genus | D14: chronic obstructive pulmonary disease (COPD) | E14: increased | F14: disease_vs_control | G14: respiratory | I14: medium | J14: verified | K14: keep_flagged | L14: Morexalla and Pseudomonas were relatively higher in severe COPD
A15: Gemella | B15: bacteria | C15: genus | D15: chronic obstructive pulmonary disease (COPD) | E15: increased | F15: disease_vs_control | G15: respiratory | I15: high | J15: verified | K15: keep | L15: In moderate COPD, six marker genera (LDA>2) Streptococcus, Rothia, Gemella, Carnobacteriaceae, Capnocytophaga, and Weissella were identified
A16: Carnobacteriaceae | B16: bacteria | C16: family | D16: chronic obstructive pulmonary disease (COPD) | E16: increased | F16: disease_vs_control | G16: respiratory | I16: medium | J16: verified | K16: keep | L16: In moderate COPD, six marker genera (LDA>2) Streptococcus, Rothia, Gemella, Carnobacteriaceae, Capnocytophaga, and Weissella were identified
A17: Capnocytophaga | B17: bacteria | C17: genus | D17: chronic obstructive pulmonary disease (COPD) | E17: increased | F17: disease_vs_control | G17: respiratory | I17: medium | J17: verified | K17: keep | L17: In moderate COPD, six marker genera (LDA>2) Streptococcus, Rothia, Gemella, Carnobacteriaceae, Capnocytophaga, and Weissella were identified
A18: Weissella | B18: bacteria | C18: genus | D18: chronic obstructive pulmonary disease (COPD) | E18: increased | F18: disease_vs_control | G18: respiratory | I18: medium | J18: verified | K18: keep | L18: In moderate COPD, six marker genera (LDA>2) Streptococcus, Rothia, Gemella, Carnobacteriaceae, Capnocytophaga, and Weissella were identified
A19: Peptostreptococcus | B19: bacteria | C19: genus | D19: chronic obstructive pulmonary disease (COPD) | E19: decreased | F19: disease_vs_control | G19: respiratory | I19: medium | J19: verified | K19: keep | L19: Fusobacterium, Bacteroidales, Peptostreptococcus, Prevotella, Porphyromonas, Alloprevotella, etc. were dominant in healthy individuals.
A20: Porphyromonas | B20: bacteria | C20: genus | D20: chronic obstructive pulmonary disease (COPD) | E20: decreased | F20: disease_vs_control | G20: respiratory | I20: low | J20: verified | K20: keep_flagged | L20: Fusobacterium, Bacteroidales, Peptostreptococcus, Prevotella, Porphyromonas, Alloprevotella, etc. were dominant in healthy individuals.
A21: Alloprevotella | B21: bacteria | C21: genus | D21: chronic obstructive pulmonary disease (COPD) | E21: decreased | F21: disease_vs_control | G21: respiratory | I21: low | J21: verified | K21: keep_flagged | L21: Fusobacterium, Bacteroidales, Peptostreptococcus, Prevotella, Porphyromonas, Alloprevotella, etc. were dominant in healthy individuals.

Sheet P1595
A1: Paper 1595 — Variations of the lung microbiome and immune response in mechanically ventilated surgical patients
A2: TAXON NAME | B2: DOMAIN | C2: TAXONOMIC LEVEL | D2: PRIMARY DISEASE | E2: DIRECTION | F2: CHANGE CONTEXT | G2: SAMPLE SITE | H2: P VALUE | I2: CONFIDENCE | J2: AGREEMENT | K2: QUEEN DECISION | L2: VERBATIM EVIDENCE | M2: STATUS | N2: CORRECTION | O2: SAM NOTES
A3: Staphylococcus aureus | B3: bacteria | C3: species | D3: ventilator-associated pneumonia | E3: increased | F3: disease_vs_control | G3: lung | I3: medium | J3: verified | K3: keep | L3: >100,000 S. aureus, >100,000 S. pneumoniae [BAL184, culture-positive, VAP=Yes]
A4: Streptococcus pneumoniae | B4: bacteria | C4: species | D4: ventilator-associated pneumonia | E4: increased | F4: disease_vs_control | G4: lung | I4: medium | J4: verified | K4: keep | L4: >100,000 S. aureus, >100,000 S. pneumoniae [BAL184, culture-positive, VAP=Yes]
A5: Citrobacter koseri | B5: bacteria | C5: species | D5: ventilator-associated pneumonia | E5: increased | F5: disease_vs_control | G5: lung | I5: medium | J5: verified | K5: keep | L5: >100,000 Citrobacter koseri, 40,000 P. aeruginosa [BAL195, culture-positive, VAP=Yes]
A6: Pseudomonas aeruginosa | B6: bacteria | C6: species | D6: ventilator-associated pneumonia | E6: increased | F6: disease_vs_control | G6: lung | I6: medium | J6: verified | K6: keep | L6: >100,000 Citrobacter koseri, 40,000 P. aeruginosa [BAL195, culture-positive, VAP=Yes]; >100,000 Pseudomonas, >100,000 Enterobacter spp., 100,000 RTF [BAL204B, culture-positive, VAP=Yes]
A7: Streptococcus | B7: bacteria | C7: genus | D7: ventilator-associated pneumonia | E7: increased | F7: disease_vs_control | G7: lung | I7: medium | J7: verified | K7: keep | L7: Both the C+ and RTF samples were dominated by a few species, including several potentially pathogenic microorganisms: Streptococcus spp., Staphylococcus spp., Neisseria spp., and Fusobacterium spp. [...] >100,000 Streptococci (NOT S. pneumoniae or Enterococcus) [BAL204, C+, VAP=Yes]
A8: Enterobacter | B8: bacteria | C8: genus | D8: ventilator-associated pneumonia | E8: increased | F8: disease_vs_control | G8: lung | I8: medium | J8: verified | K8: keep | L8: >100,000 Pseudomonas, >100,000 Enterobacter spp., 100,000 RTF [BAL204B, culture-positive, VAP=Yes]
A9: Haemophilus influenzae | B9: bacteria | C9: species | D9: ventilator-associated pneumonia | E9: increased | F9: disease_vs_control | G9: lung | I9: medium | J9: verified | K9: keep | L9: >100,000 H. influenza, light RTF [BAL206, culture-positive, VAP=Yes]
A10: Moraxella catarrhalis | B10: bacteria | C10: species | D10: ventilator-associated pneumonia | E10: increased | F10: disease_vs_control | G10: lung | I10: medium | J10: verified | K10: keep | L10: >100,000 M. catarrhalis, 20,000 K. pneumoniae [BAL221, culture-positive, VAP=Yes]
A11: Klebsiella pneumoniae | B11: bacteria | C11: species | D11: ventilator-associated pneumonia | E11: increased | F11: disease_vs_control | G11: lung | I11: medium | J11: verified | K11: keep | L11: >100,000 M. catarrhalis, 20,000 K. pneumoniae [BAL221, culture-positive, VAP=Yes]
A12: Acinetobacter baumannii | B12: bacteria | C12: species | D12: ventilator-associated pneumonia | E12: increased | F12: disease_vs_control | G12: lung | I12: medium | J12: verified | K12: keep_flagged | L12: >100,000 Acinetobacter baumannii/ haemolyticus, >100,000 RTF [BAL226, culture-positive, VAP=No, Inflammation=Yes]
A13: Staphylococcus | B13: bacteria | C13: genus | D13: ventilator-associated pneumonia | E13: increased | F13: disease_vs_control | G13: lung | I13: medium | J13: verified | K13: keep | L13: Both the C+ and RTF samples were dominated by a few species, including several potentially pathogenic microorganisms: Streptococcus spp., Staphylococcus spp., Neisseria spp., and Fusobacterium spp.
A14: Neisseria | B14: bacteria | C14: genus | D14: ventilator-associated pneumonia | E14: increased | F14: disease_vs_control | G14: lung | I14: medium | J14: verified | K14: keep | L14: Both the C+ and RTF samples were dominated by a few species, including several potentially pathogenic microorganisms: Streptococcus spp., Staphylococcus spp., Neisseria spp., and Fusobacterium spp.
... A16: Prevotella | B16: bacteria | C16: genus | D16: ventilator-associated pneumonia | E16: increased | F16: disease_vs_control | G16: lung | I16: low | J16: verified | K16: keep_flagged | L16: The two BAL samples that exhibited elevated cytokine levels (BAL224 and BAL229) relative to other RTF BAL samples were both comprised of ~20% Streptococcus, in addition to ~60% Fusobacterium and ~52% Prevotella, respectively.
A17: Bacteria | B17: bacteria | C17: phylum | D17: ventilator-associated pneumonia | E17: decreased | F17: disease_vs_control | G17: lung | H17: < 0.01 | I17: high | J17: verified | K17: keep | L17: The diversity of C-, C+, and RTF samples were significantly different from each other (Tukey's HSD P values < 0.01). The C- samples had the highest diversity and C+ samples had the lowest diversity among the three groups (the Shannon-Wiener index for C- was 3.97 ± 0.65, C+ was 0.77 ± 0.36, and RTF was 2.06 ± 0.73 [mean ± standard deviation (SD)])

Sheet P1638
A1: Paper 1638 — Fecal microbiota transplant overcomes resistance to anti-PD-1 therapy in melanoma patients
A2: TAXON NAME | B2: DOMAIN | C2: TAXONOMIC LEVEL | D2: PRIMARY DISEASE | E2: DIRECTION | F2: CHANGE CONTEXT | G2: SAMPLE SITE | H2: P VALUE | I2: CONFIDENCE | J2: AGREEMENT | K2: QUEEN DECISION | L2: VERBATIM EVIDENCE | M2: STATUS | N2: CORRECTION | O2: SAM NOTES
A3: Lachnospiraceae | B3: bacteria | C3: family | D3: melanoma | E3: increased | F3: treatment_effect | G3: fecal | I3: high | J3: verified | K3: keep | L3: Most of the significantly enriched taxa in Rs belonged to the phyla Firmicutes (Lachnospiraceae and Ruminococcaceae families) and Actinobacteria (Bifidobacteriaceae and Coriobacteriaceae families), whereas most of the bacteria decreased in Rs belonged to phylum Bacteroidetes
A4: Ruminococcaceae | B4: bacteria | C4: family | D4: melanoma | E4: increased | F4: treatment_effect | G4: fecal | I4: high | J4: verified | K4: keep | L4: Most of the significantly enriched taxa in Rs belonged to the phyla Firmicutes (Lachnospiraceae and Ruminococcaceae families) and Actinobacteria (Bifidobacteriaceae and Coriobacteriaceae families), whereas most of the bacteria decreased in Rs belonged to phylum Bacteroidetes
A5: Ruminococcaceae | B5: bacteria | C5: family | D5: melanoma | E5: decreased | F5: treatment_effect | G5: fecal | I5: medium | J5: verified | K5: keep_flagged | L5: After antibiotics, metagenomic data revealed pronounced changes in microbial community composition (loss of Faecalibacterium prausnitzii, Alistipes spp., and Ruminococcaceae spp.), which correlated with clinical progression.
A6: Bifidobacteriaceae | B6: bacteria | C6: family | D6: melanoma | E6: increased | F6: treatment_effect | G6: fecal | I6: high | J6: verified | K6: keep | L6: Most of the significantly enriched taxa in Rs belonged to the phyla Firmicutes (Lachnospiraceae and Ruminococcaceae families) and Actinobacteria (Bifidobacteriaceae and Coriobacteriaceae families), whereas most of the bacteria decreased in Rs belonged to phylum Bacteroidetes
A7: Coriobacteriaceae | B7: bacteria | C7: family | D7: melanoma | E7: increased | F7: treatment_effect | G7: fecal | I7: high | J7: verified | K7: keep | L7: Most of the significantly enriched taxa in Rs belonged to the phyla Firmicutes (Lachnospiraceae and Ruminococcaceae families) and Actinobacteria (Bifidobacteriaceae and Coriobacteriaceae families), whereas most of the bacteria decreased in Rs belonged to phylum Bacteroidetes
A8: Bifidobacterium longum | B8: bacteria | C8: species | D8: melanoma | E8: increased | F8: treatment_effect | G8: fecal | I8: high | J8: verified | K8: keep | L8: Several bacterial species associated with clinical response have been previously reported (Bifidobacterium longum, Colinsella aerofaciens, and F. prausnitzii)
A9: Colinsella aerofaciens | B9: bacteria | C9: species | D9: melanoma | E9: increased | F9: treatment_effect | G9: fecal | I9: high | J9: verified | K9: keep_flagged | L9: Several bacterial species associated with clinical response have been previously reported (Bifidobacterium longum, Colinsella aerofaciens, and F. prausnitzii)
A10: Faecalibacterium prausnitzii | B10: bacteria | C10: species | D10: melanoma | E10: increased | F10: treatment_effect | G10: fecal | I10: high | J10: verified | K10: keep | L10: Several bacterial species associated with clinical response have been previously reported (Bifidobacterium longum, Colinsella aerofaciens, and F. prausnitzii)... negatively correlated with organisms enriched in Rs after treatment (e.g., Ruminococcus flavefaciens and F. prausnitzii)
A11: Faecalibacterium prausnitzii | B11: bacteria | C11: species | D11: melanoma | E11: decreased | F11: treatment_effect | G11: fecal | I11: medium | J11: verified | K11: keep_flagged | L11: After antibiotics, metagenomic data revealed pronounced changes in microbial community composition (loss of Faecalibacterium prausnitzii, Alistipes spp., and Ruminococcaceae spp.), which correlated with clinical progression.
A12: Alistipes | B12: bacteria | C12: genus | D12: melanoma | E12: decreased | F12: treatment_effect | G12: fecal | I12: medium | J12: verified | K12: keep | L12: After antibiotics, metagenomic data revealed pronounced changes in microbial community composition (loss of Faecalibacterium prausnitzii, Alistipes spp., and Ruminococcaceae spp.), which correlated with clinical progression. A second transplant from the same donor was performed nearly 1 year after initial FMT and resulted in rapid gut colonization associated with ongoing SD
A13: Ruminococcus flavefaciens | B13: bacteria | C13: species | D13: melanoma | E13: increased | F13: treatment_effect | G13: fecal | I13: medium | J13: verified | K13: keep | L13: CXCL8 (IL-8), IL-10, and CCL3 (MIP-1α) were positively correlated with organisms enriched in NRs before treatment (Bacteroides uniformis, Bacteroides nordii, Phascolarctobacterium faecium, etc.) and negatively correlated with organisms enriched in Rs after treatment (e.g., Ruminococcus flavefaciens and F. prausnitzii)
A14: Akkermansia muciniphila | B14: bacteria | C14: species | D14: melanoma | E14: increased | F14: treatment_effect | G14: fecal | I14: low | J14: verified | K14: keep_flagged | L14: gut bacterial commensals that were previously shown to increase (F. prausnitzii and Akkermansia muciniphila) and decrease (Bacteroides genus) responses to anti–PD-1 (10) were negatively and positively correlated with CXCL8 (IL-8), respectively
... A21: Bacteroidetes | B21: bacteria | C21: phylum | D21: melanoma | E21: decreased | F21: treatment_effect | G21: fecal | I21: high | J21: verified | K21: keep | L21: Most of the significantly enriched taxa in Rs belonged to the phyla Firmicutes (Lachnospiraceae and Ruminococcaceae families) and Actinobacteria (Bifidobacteriaceae and Coriobacteriaceae families), whereas most of the bacteria decreased in Rs belonged to phylum Bacteroidetes

Sheet P166
A1: Paper 166 — Salivary microbiome profiles of oral cancer patients analyzed before and after treatment
A2: TAXON NAME | B2: DOMAIN | C2: TAXONOMIC LEVEL | D2: PRIMARY DISEASE | E2: DIRECTION | F2: CHANGE CONTEXT | G2: SAMPLE SITE | H2: P VALUE | I2: CONFIDENCE | J2: AGREEMENT | K2: QUEEN DECISION | L2: VERBATIM EVIDENCE | M2: STATUS | N2: CORRECTION | O2: SAM NOTES
A3: Streptococcus anginosus | B3: bacteria | C3: species | D3: oral squamous cell carcinoma | E3: increased | F3: disease_vs_control | G3: oral | H3: 0.003 | I3: high | J3: verified | K3: keep | L3: The three distinguishing zOTUs that were significant on their own were OSCC-related zOTU211 Streptococcus anginosus (p = 0.003)
A4: Abiotrophia defectiva | B4: bacteria | C4: species | D4: oral squamous cell carcinoma | E4: increased | F4: disease_vs_control | G4: oral | I4: high | J4: verified | K4: keep | L4: At baseline, the OSCC patients showed a higher relative abundance of zOTUs classified as Streptococcus anginosus, Abiotrophia defectiva, and Fusobacterium nucleatum.
A5: Fusobacterium nucleatum | B5: bacteria | C5: species | D5: oral squamous cell carcinoma | E5: increased | F5: disease_vs_control | G5: oral | I5: high | J5: verified | K5: keep | L5: At baseline, the OSCC patients showed a higher relative abundance of zOTUs classified as Streptococcus anginosus, Abiotrophia defectiva, and Fusobacterium nucleatum.
A6: Streptococcus dentisani/infantis/mitis/oralis/oral_taxon_058/oral_taxon_061/oral_taxon_064/oral_taxon_070/oral_taxon_423/oral_taxon_431/tigurinus | B6: bacteria | C6: species | D6: oral squamous cell carcinoma | E6: increased | F6: disease_vs_control | G6: oral | H6: 0.030 | I6: high | J6: verified | K6: keep | L6: zOTU1 Streptococcus dentisani/infantis/mitis/oralis/oral_taxon_058/oral_taxon_061/oral_taxon_064/oral_taxon_070/oral_taxon_423 /oral_taxon_431/tigurinus (p = 0. 030)
A7: Catonella morbi | B7: bacteria | C7: species | D7: oral squamous cell carcinoma | E7: increased | F7: disease_vs_control | G7: oral | H7: 0.007 | I7: high | J7: verified | K7: keep | L7: zOTU239 Catonella morbi/oral_taxon_164 (p = 0. 007)
A8: Veillonella atypica/dispar | B8: bacteria | C8: species | D8: oral squamous cell carcinoma | E8: decreased | F8: disease_vs_control | G8: oral | I8: high | J8: verified | K8: keep | L8: The significant zOTUs more abundant in the control group included zOTU3 Veillonella atypica/dispar, zOTU4 Streptococcus australis/parasanguinis_I/parasanguinis_II/oral_taxon_057/oral_taxon_066, and zOTU30 Actinomyces oral_taxon_172.
A9: Streptococcus australis/parasanguinis_I/parasanguinis_II/oral_taxon_057/oral_taxon_066 | B9: bacteria | C9: species | D9: oral squamous cell carcinoma | E9: decreased | F9: disease_vs_control | G9: oral | I9: high | J9: verified | K9: keep | L9: The significant zOTUs more abundant in the control group included zOTU3 Veillonella atypica/dispar, zOTU4 Streptococcus australis/parasanguinis_I/parasanguinis_II/oral_taxon_057/oral_taxon_066, and zOTU30 Actinomyces oral_taxon_172.
A10: Actinomyces oral_taxon_172 | B10: bacteria | C10: species | D10: oral squamous cell carcinoma | E10: decreased | F10: disease_vs_control | G10: oral | I10: high | J10: verified | K10: keep | L10: The significant zOTUs more abundant in the control group included zOTU3 Veillonella atypica/dispar, zOTU4 Streptococcus australis/parasanguinis_I/parasanguinis_II/oral_taxon_057/oral_taxon_066, and zOTU30 Actinomyces oral_taxon_172.
A11: Streptococcus | B11: bacteria | C11: genus | D11: oral squamous cell carcinoma | E11: increased | F11: disease_vs_control | G11: oral | I11: high | J11: verified | K11: keep | L11: The most abundant genera within the OSCC-related groups of zOTUs were Streptococcus, Fusobacterium, Capnocytophaga, and Lactobacillus
A12: Fusobacterium | B12: bacteria | C12: genus | D12: oral squamous cell carcinoma | E12: increased | F12: disease_vs_control | G12: oral | I12: high | J12: verified | K12: keep | L12: The most abundant genera within the OSCC-related groups of zOTUs were Streptococcus, Fusobacterium, Capnocytophaga, and Lactobacillus
A13: Capnocytophaga | B13: bacteria | C13: genus | D13: oral squamous cell carcinoma | E13: increased | F13: disease_vs_control | G13: oral | I13: high | J13: verified | K13: keep | L13: The most abundant genera within the OSCC-related groups of zOTUs were Streptococcus, Fusobacterium, Capnocytophaga, and Lactobacillus
A14: Lactobacillus | B14: bacteria | C14: genus | D14: oral squamous cell carcinoma | E14: increased | F14: disease_vs_control | G14: oral | H14: <0.001 | I14: high | J14: verified | K14: keep_flagged | L14: The most common genera among smoker OSCC patients were genus Lactobacillus and genus Treponema
A15: Prevotella | B15: bacteria | C15: genus | D15: oral squamous cell carcinoma | E15: decreased | F15: disease_vs_control | G15: oral | I15: high | J15: verified | K15: keep | L15: the most abundant genera within the control-related groups were Prevotella, Actinomyces, and Megasphaera
A16: Actinomyces | B16: bacteria | C16: genus | D16: oral squamous cell carcinoma | E16: decreased | F16: disease_vs_control | G16: oral | I16: high | J16: verified | K16: keep | L16: the most abundant genera within the control-related groups were Prevotella, Actinomyces, and Megasphaera
A17: Megasphaera | B17: bacteria | C17: genus | D17: oral squamous cell carcinoma | E17: decreased | F17: disease_vs_control | G17: oral | I17: high | J17: verified | K17: keep | L17: the most abundant genera within the control-related groups were Prevotella, Actinomyces, and Megasphaera
A18: Treponema | B18: bacteria | C18: genus | D18: oral squamous cell carcinoma | E18: increased | F18: disease_vs_control | G18: oral | H18: <0.001 | I18: medium | J18: verified | K18: keep_flagged | L18: The most common genera among smoker OSCC patients were genus Lactobacillus and genus Treponema
A19: Campylobacter rectus/showae | B19: bacteria | C19: species | D19: oral squamous cell carcinoma | E19: decreased | F19: disease_vs_control | G19: oral | H19: <0.001 | I19: medium | J19: verified | K19: keep_flagged | L19: the only significant zOTU among smoker controls was zOTU 131 Campylobacter rectus/showae
A20: Actinomyces odontolyticus | B20: bacteria | C20: species | D20: oral squamous cell carcinoma | E20: decreased | F20: treatment_effect | G20: oral | I20: high | J20: verified | K20: keep | L20: For the baseline samples, these were zOTU15 Actinomyces odontolyticus/oral_taxon_180, zOTU21 Streptococcus sanguinis, zOTU26 Veillonella rogosae, zOTU47 Fusobacterium nucleatum vincentii, zOTU48 Capnocytophaga leadbetterii, zOTU56 Abiotrophia defectiva, zOTU72 Lautropia mirabilis, zOTU76 Solobacterium moorei, zOTU88 Porphyromonas endodontalis/oral_taxon_285, zOTU102 Mogibacterium diversum/neglectum/pumilum/vescum, zOTU146 Leptotrichia buccalis, and zOTU633 Streptococcus sp.
A21: Streptococcus sanguinis | B21: bacteria | C21: species | D21: oral squamous cell carcinoma | E21: decreased | F21: treatment_effect | G21: oral | I21: high | J21: verified | K21: keep | L21: For the baseline samples, these were zOTU15 Actinomyces odontolyticus/oral_taxon_180, zOTU21 Streptococcus sanguinis, zOTU26 Veillonella rogosae, zOTU47 Fusobacterium nucleatum vincentii, zOTU48 Capnocytophaga leadbetterii, zOTU56 Abiotrophia defectiva, zOTU72 Lautropia mirabilis, zOTU76 Solobacterium moorei, zOTU88 Porphyromonas endodontalis/oral_taxon_285, zOTU102 Mogibacterium diversum/neglectum/pumilum/vescum, zOTU146 Leptotrichia buccalis, and zOTU633 Streptococcus sp.
A22: Veillonella rogosae | B22: bacteria | C22: species | D22: oral squamous cell carcinoma | E22: decreased | F22: treatment_effect | G22: oral | I22: high | J22: verified | K22: keep | L22: For the baseline samples, these were zOTU15 Actinomyces odontolyticus/oral_taxon_180, zOTU21 Streptococcus sanguinis, zOTU26 Veillonella rogosae, zOTU47 Fusobacterium nucleatum vincentii, zOTU48 Capnocytophaga leadbetterii, zOTU56 Abiotrophia defectiva, zOTU72 Lautropia mirabilis, zOTU76 Solobacterium moorei, zOTU88 Porphyromonas endodontalis/oral_taxon_285, zOTU102 Mogibacterium diversum/neglectum/pumilum/vescum, zOTU146 Leptotrichia buccalis, and zOTU633 Streptococcus sp.
A23: Fusobacterium nucleatum vincentii | B23: bacteria | C23: species | D23: oral squamous cell carcinoma | E23: decreased | F23: treatment_effect | G23: oral | I23: high | J23: verified | K23: keep | L23: For the baseline samples, these were zOTU15 Actinomyces odontolyticus/oral_taxon_180, zOTU21 Streptococcus sanguinis, zOTU26 Veillonella rogosae, zOTU47 Fusobacterium nucleatum vincentii, zOTU48 Capnocytophaga leadbetterii, zOTU56 Abiotrophia defectiva, zOTU72 Lautropia mirabilis, zOTU76 Solobacterium moorei, zOTU88 Porphyromonas endodontalis/oral_taxon_285, zOTU102 Mogibacterium diversum/neglectum/pumilum/vescum, zOTU146 Leptotrichia buccalis, and zOTU633 Streptococcus sp.
A24: Capnocytophaga leadbetterii | B24: bacteria | C24: species | D24: oral squamous cell carcinoma | E24: decreased | F24: treatment_effect | G24: oral | I24: high | J24: verified | K24: keep | L24: For the baseline samples, these were zOTU15 Actinomyces odontolyticus/oral_taxon_180, zOTU21 Streptococcus sanguinis, zOTU26 Veillonella rogosae, zOTU47 Fusobacterium nucleatum vincentii, zOTU48 Capnocytophaga leadbetterii, zOTU56 Abiotrophia defectiva, zOTU72 Lautropia mirabilis, zOTU76 Solobacterium moorei, zOTU88 Porphyromonas endodontalis/oral_taxon_285, zOTU102 Mogibacterium diversum/neglectum/pumilum/vescum, zOTU146 Leptotrichia buccalis, and zOTU633 Streptococcus sp.
A25: Abiotrophia defectiva | B25: bacteria | C25: species | D25: oral squamous cell carcinoma | E25: decreased | F25: treatment_effect | G25: oral | I25: high | J25: verified | K25: keep | L25: For the baseline samples, these were zOTU15 Actinomyces odontolyticus/oral_taxon_180, zOTU21 Streptococcus sanguinis, zOTU26 Veillonella rogosae, zOTU47 Fusobacterium nucleatum vincentii, zOTU48 Capnocytophaga leadbetterii, zOTU56 Abiotrophia defectiva, zOTU72 Lautropia mirabilis, zOTU76 Solobacterium moorei, zOTU88 Porphyromonas endodontalis/oral_taxon_285, zOTU102 Mogibacterium diversum/neglectum/pumilum/vescum, zOTU146 Leptotrichia buccalis, and zOTU633 Streptococcus sp.
A26: Lautropia mirabilis | B26: bacteria | C26: species | D26: oral squamous cell carcinoma | E26: decreased | F26: treatment_effect | G26: oral | I26: high | J26: verified | K26: keep | L26: For the baseline samples, these were zOTU15 Actinomyces odontolyticus/oral_taxon_180, zOTU21 Streptococcus sanguinis, zOTU26 Veillonella rogosae, zOTU47 Fusobacterium nucleatum vincentii, zOTU48 Capnocytophaga leadbetterii, zOTU56 Abiotrophia defectiva, zOTU72 Lautropia mirabilis, zOTU76 Solobacterium moorei, zOTU88 Porphyromonas endodontalis/oral_taxon_285, zOTU102 Mogibacterium diversum/neglectum/pumilum/vescum, zOTU146 Leptotrichia buccalis, and zOTU633 Streptococcus sp.
A27: Solobacterium moorei | B27: bacteria | C27: species | D27: oral squamous cell carcinoma | E27: decreased | F27: treatment_effect | G27: oral | I27: high | J27: verified | K27: keep | L27: For the baseline samples, these were zOTU15 Actinomyces odontolyticus/oral_taxon_180, zOTU21 Streptococcus sanguinis, zOTU26 Veillonella rogosae, zOTU47 Fusobacterium nucleatum vincentii, zOTU48 Capnocytophaga leadbetterii, zOTU56 Abiotrophia defectiva, zOTU72 Lautropia mirabilis, zOTU76 Solobacterium moorei, zOTU88 Porphyromonas endodontalis/oral_taxon_285, zOTU102 Mogibacterium diversum/neglectum/pumilum/vescum, zOTU146 Leptotrichia buccalis, and zOTU633 Streptococcus sp.
A28: Porphyromonas endodontalis | B28: bacteria | C28: species | D28: oral squamous cell carcinoma | E28: decreased | F28: treatment_effect | G28: oral | I28: high | J28: verified | K28: keep | L28: For the baseline samples, these were zOTU15 Actinomyces odontolyticus/oral_taxon_180, zOTU21 Streptococcus sanguinis, zOTU26 Veillonella rogosae, zOTU47 Fusobacterium nucleatum vincentii, zOTU48 Capnocytophaga leadbetterii, zOTU56 Abiotrophia defectiva, zOTU72 Lautropia mirabilis, zOTU76 Solobacterium moorei, zOTU88 Porphyromonas endodontalis/oral_taxon_285, zOTU102 Mogibacterium diversum/neglectum/pumilum/vescum, zOTU146 Leptotrichia buccalis, and zOTU633 Streptococcus sp.
A29: Mogibacterium diversum/neglectum/pumilum/vescum | B29: bacteria | C29: species | D29: oral squamous cell carcinoma | E29: decreased | F29: treatment_effect | G29: oral | I29: high | J29: verified | K29: keep | L29: For the baseline samples, these were zOTU15 Actinomyces odontolyticus/oral_taxon_180, zOTU21 Streptococcus sanguinis, zOTU26 Veillonella rogosae, zOTU47 Fusobacterium nucleatum vincentii, zOTU48 Capnocytophaga leadbetterii, zOTU56 Abiotrophia defectiva, zOTU72 Lautropia mirabilis, zOTU76 Solobacterium moorei, zOTU88 Porphyromonas endodontalis/oral_taxon_285, zOTU102 Mogibacterium diversum/neglectum/pumilum/vescum, zOTU146 Leptotrichia buccalis, and zOTU633 Streptococcus sp.
A30: Leptotrichia buccalis | B30: bacteria | C30: species | D30: oral squamous cell carcinoma | E30: decreased | F30: treatment_effect | G30: oral | I30: high | J30: verified | K30: keep | L30: For the baseline samples, these were zOTU15 Actinomyces odontolyticus/oral_taxon_180, zOTU21 Streptococcus sanguinis, zOTU26 Veillonella rogosae, zOTU47 Fusobacterium nucleatum vincentii, zOTU48 Capnocytophaga leadbetterii, zOTU56 Abiotrophia defectiva, zOTU72 Lautropia mirabilis, zOTU76 Solobacterium moorei, zOTU88 Porphyromonas endodontalis/oral_taxon_285, zOTU102 Mogibacterium diversum/neglectum/pumilum/vescum, zOTU146 Leptotrichia buccalis, and zOTU633 Streptococcus sp.
A31: Streptococcus sp. | B31: bacteria | C31: species | D31: oral squamous cell carcinoma | E31: decreased | F31: treatment_effect | G31: oral | I31: high | J31: verified | K31: keep | L31: For the baseline samples, these were zOTU15 Actinomyces odontolyticus/oral_taxon_180, zOTU21 Streptococcus sanguinis, zOTU26 Veillonella rogosae, zOTU47 Fusobacterium nucleatum vincentii, zOTU48 Capnocytophaga leadbetterii, zOTU56 Abiotrophia defectiva, zOTU72 Lautropia mirabilis, zOTU76 Solobacterium moorei, zOTU88 Porphyromonas endodontalis/oral_taxon_285, zOTU102 Mogibacterium diversum/neglectum/pumilum/vescum, zOTU146 Leptotrichia buccalis, and zOTU633 Streptococcus sp.
... A37: Fusobacterium periodonticum | B37: bacteria | C37: species | D37: oral squamous cell carcinoma | E37: decreased | F37: disease_vs_control | G37: oral | I37: low | J37: verified | K37: keep_flagged | L37: the microbial profiles of healthy controls had a higher abundance of bacteria previously associated with health, such as Prevotella histicola, H. parainfluenzae, and F. periodonticum
A38: Lactobacillus gasseri | B38: bacteria | C38: species | D38: oral squamous cell carcinoma | E38: increased | F38: disease_vs_control | G38: oral | H38: <0.001 | I38: medium | J38: verified | K38: keep_flagged | L38: the species related to smoker OSCC patients included several caries-related species such as Lactobacillus gasseri and Lactobacillus fermentum as well as Treponema species T. socranskii and T. maltophilum
A39: Lactobacillus fermentum | B39: bacteria | C39: species | D39: oral squamous cell carcinoma | E39: increased | F39: disease_vs_control | G39: oral | H39: <0.001 | I39: medium | J39: verified | K39: keep_flagged | L39: the species related to smoker OSCC patients included several caries-related species such as Lactobacillus gasseri and Lactobacillus fermentum as well as Treponema species T. socranskii and T. maltophilum
A40: Treponema socranskii | B40: bacteria | C40: species | D40: oral squamous cell carcinoma | E40: increased | F40: disease_vs_control | G40: oral | H40: <0.001 | I40: medium | J40: verified | K40: keep_flagged | L40: the species related to smoker OSCC patients included several caries-related species such as Lactobacillus gasseri and Lactobacillus fermentum as well as Treponema species T. socranskii and T. maltophilum
A41: Treponema maltophilum | B41: bacteria | C41: species | D41: oral squamous cell carcinoma | E41: increased | F41: disease_vs_control | G41: oral | H41: <0.001 | I41: medium | J41: verified | K41: keep_flagged | L41: the species related to smoker OSCC patients included several caries-related species such as Lactobacillus gasseri and Lactobacillus fermentum as well as Treponema species T. socranskii and T. maltophilum

Sheet P1690
A1: Paper 1690 — Disrupted gut microbiota promotes the progression of chronic kidney disease in 5/6 nephrectomy mice by Bacillus pumilus gavage
A2: TAXON NAME | B2: DOMAIN | C2: TAXONOMIC LEVEL | D2: PRIMARY DISEASE | E2: DIRECTION | F2: CHANGE CONTEXT | G2: SAMPLE SITE | H2: P VALUE | I2: CONFIDENCE | J2: AGREEMENT | K2: QUEEN DECISION | L2: VERBATIM EVIDENCE | M2: STATUS | N2: CORRECTION | O2: SAM NOTES
A3: Parvibacter | B3: bacteria | C3: genus | D3: chronic kidney disease | E3: decreased | F3: disease_vs_control | G3: fecal | H3: 0.0047 | I3: high | J3: verified | K3: keep | L3: Parvibacter (p CG vs. SG = 0.0047, p IG vs. SG = 0.0355, Figure 3C), enriched in the SG... The analysis revealed that Parvibacter was negatively correlated with kidney injury, renal fibrosis, glomerulosclerosis, and serum urea nitrogen and positively correlated with body weight.
A4: Parvibacter | B4: bacteria | C4: genus | D4: chronic kidney disease | E4: decreased | F4: treatment_effect | G4: fecal | H4: 0.0355 | I4: high | J4: verified | K4: keep | L4: Parvibacter (p CG vs. SG = 0.0047, p IG vs. SG = 0.0355, Figure 3C), enriched in the SG... 16s rRNA and metabolomic analysis revealed that Parvibacter and Enterorhabdus were probiotics related to kidney function.
A5: Enterorhabdus | B5: bacteria | C5: genus | D5: chronic kidney disease | E5: decreased | F5: treatment_effect | G5: fecal | H5: 0.0162 | I5: high | J5: verified | K5: keep | L5: Enterorhabdus (p IG vs. SG = 0.0162, Figure 3D)... Enterorhabdus was negatively correlated with kidney injury, renal fibrosis, glomerulosclerosis, and serum urea nitrogen levels.
A6: Alistipes | B6: bacteria | C6: genus | D6: chronic kidney disease | E6: increased | F6: disease_vs_control | G6: fecal | H6: 0.0226 | I6: high | J6: verified | K6: keep_flagged | L6: Alistipes (p CG vs. SG = 0.0226, p IG vs. SG = 0.0411, Figure 3E)... enriched in the 5/6 Nx group. The analysis revealed that... Alistipes was negatively correlated with kidney injury, renal fibrosis, and glomerulosclerosis.
A7: Alistipes | B7: bacteria | C7: genus | D7: chronic kidney disease | E7: increased | F7: treatment_effect | G7: fecal | H7: 0.0411 | I7: high | J7: verified | K7: keep_flagged | L7: Alistipes (p CG vs. SG = 0.0226, p IG vs. SG = 0.0411, Figure 3E)... enriched in the 5/6 Nx group.
A8: Odoribacter | B8: bacteria | C8: genus | D8: chronic kidney disease | E8: increased | F8: disease_vs_control | G8: fecal | H8: 0.0105 | I8: high | J8: verified | K8: keep | L8: Odoribacter (p CG vs. SG = 0.0105, Figure 3F), enriched in the 5/6 Nx group... Odoribacter was positively correlated with kidney injury, renal fibrosis, and serum urea nitrogen and negatively correlated with body weight.
A9: Bacillus pumilus | B9: bacteria | C9: species | D9: chronic kidney disease | E9: increased | F9: treatment_effect | G9: fecal | I9: medium | J9: verified | K9: keep_flagged | L9: B. pumilus intervention exacerbated gut microbial homeostasis in CKD mice and increased serum creatinine and urea nitrogen levels, further aggravating kidney damage.

Sheet P1874
A1: Paper 1874 — Characteristics of tongue coating microbiota in diabetic and non-diabetic kidney patients receiving hemodialysis
A2: TAXON NAME | B2: DOMAIN | C2: TAXONOMIC LEVEL | D2: PRIMARY DISEASE | E2: DIRECTION | F2: CHANGE CONTEXT | G2: SAMPLE SITE | H2: P VALUE | I2: CONFIDENCE | J2: AGREEMENT | K2: QUEEN DECISION | L2: VERBATIM EVIDENCE | M2: STATUS | N2: CORRECTION | O2: SAM NOTES
A3: Firmicutes | B3: bacteria | C3: phylum | D3: chronic kidney disease | E3: increased | F3: disease_vs_control | G3: oral | H3: <0.05 | I3: high | J3: verified | K3: keep | L3: Multi-group comparison showed that the relative abundance of Firmicutes, Chloroflexi, and Synergistetes changed significantly(p < 0. 05) in nonDM_HD, DM_HD, and HC. Compared with the HC group, the relative abundance of all three phyla increased significantly(p < 0. 05) in nonDM_HD, and the relative abundance of Firmicutes increased significantly (p < 0. 05) in DM_HD
A4: Chloroflexi | B4: bacteria | C4: phylum | D4: chronic kidney disease | E4: increased | F4: disease_vs_control | G4: oral | H4: <0.05 | I4: high | J4: verified | K4: keep | L4: Multi-group comparison showed that the relative abundance of Firmicutes, Chloroflexi, and Synergistetes changed significantly(p < 0. 05) in nonDM_HD, DM_HD, and HC. Compared with the HC group, the relative abundance of all three phyla increased significantly(p < 0. 05) in nonDM_HD
A5: Synergistetes | B5: bacteria | C5: phylum | D5: chronic kidney disease | E5: increased | F5: disease_vs_control | G5: oral | H5: <0.05 | I5: high | J5: verified | K5: keep | L5: Multi-group comparison showed that the relative abundance of Firmicutes, Chloroflexi, and Synergistetes changed significantly(p < 0. 05) in nonDM_HD, DM_HD, and HC. Compared with the HC group, the relative abundance of all three phyla increased significantly(p < 0. 05) in nonDM_HD
A6: Streptococcus | B6: bacteria | C6: genus | D6: chronic kidney disease | E6: increased | F6: disease_vs_control | G6: oral | H6: <0.05 | I6: high | J6: verified | K6: keep | L6: The abundance of Streptococcus, Lactobacillus, Ruminococcaceae G1, Ligilactobacillus and Abiotrophia showed a significant increase (p < 0. 05) in DM_HD and nonDM_HD compared with HC
A7: Lactobacillus | B7: bacteria | C7: genus | D7: chronic kidney disease | E7: increased | F7: disease_vs_control | G7: oral | H7: <0.05 | I7: high | J7: verified | K7: keep | L7: The abundance of Streptococcus, Lactobacillus, Ruminococcaceae G1, Ligilactobacillus and Abiotrophia showed a significant increase (p < 0. 05) in DM_HD and nonDM_HD compared with HC
A8: Ruminococcaceae G1 | B8: bacteria | C8: genus | D8: chronic kidney disease | E8: increased | F8: disease_vs_control | G8: oral | H8: <0.05 | I8: high | J8: verified | K8: keep | L8: The abundance of Streptococcus, Lactobacillus, Ruminococcaceae G1, Ligilactobacillus and Abiotrophia showed a significant increase (p < 0. 05) in DM_HD and nonDM_HD compared with HC
A9: Ligilactobacillus | B9: bacteria | C9: genus | D9: chronic kidney disease | E9: increased | F9: disease_vs_control | G9: oral | H9: <0.05 | I9: high | J9: verified | K9: keep | L9: The abundance of Streptococcus, Lactobacillus, Ruminococcaceae G1, Ligilactobacillus and Abiotrophia showed a significant increase (p < 0. 05) in DM_HD and nonDM_HD compared with HC
A10: Abiotrophia | B10: bacteria | C10: genus | D10: chronic kidney disease | E10: increased | F10: disease_vs_control | G10: oral | H10: <0.05 | I10: high | J10: verified | K10: keep | L10: The abundance of Streptococcus, Lactobacillus, Ruminococcaceae G1, Ligilactobacillus and Abiotrophia showed a significant increase (p < 0. 05) in DM_HD and nonDM_HD compared with HC
A11: Haemophilus | B11: bacteria | C11: genus | D11: chronic kidney disease | E11: decreased | F11: disease_vs_control | G11: oral | H11: <0.05 | I11: high | J11: verified | K11: keep | L11: Haemophilus, Lachnoanaerobaculum, Peptostreptococcaceae G1, Peptostreptococcus showed a significant decrease (p < 0. 05) respectively
A12: Lachnoanaerobaculum | B12: bacteria | C12: genus | D12: chronic kidney disease | E12: decreased | F12: disease_vs_control | G12: oral | H12: <0.05 | I12: high | J12: verified | K12: keep | L12: Haemophilus, Lachnoanaerobaculum, Peptostreptococcaceae G1, Peptostreptococcus showed a significant decrease (p < 0. 05) respectively
A13: Peptostreptococcaceae G1 | B13: bacteria | C13: genus | D13: chronic kidney disease | E13: decreased | F13: disease_vs_control | G13: oral | H13: <0.05 | I13: high | J13: verified | K13: keep | L13: Haemophilus, Lachnoanaerobaculum, Peptostreptococcaceae G1, Peptostreptococcus showed a significant decrease (p < 0. 05) respectively
A14: Peptostreptococcus | B14: bacteria | C14: genus | D14: chronic kidney disease | E14: decreased | F14: disease_vs_control | G14: oral | H14: <0.05 | I14: high | J14: verified | K14: keep | L14: Haemophilus, Lachnoanaerobaculum, Peptostreptococcaceae G1, Peptostreptococcus showed a significant decrease (p < 0. 05) respectively
... A17: Veillonella | B17: bacteria | C17: genus | D17: chronic kidney disease | E17: increased | F17: disease_vs_control | G17: oral | H17: <0.05 | I17: high | J17: verified | K17: keep | L17: Veillonella showed a significant increase in DM_HD compared with HC
A18: Limosilactobacillus | B18: bacteria | C18: genus | D18: chronic kidney disease | E18: increased | F18: disease_vs_control | G18: oral | I18: medium | J18: verified | K18: keep | L18: Four genera including Veillonella, Lactobacillus, Limosilactobacillus and Ligilactobacillus were differentially abundant in DM_HD tongue coating
A19: Veillonella dispar | B19: bacteria | C19: species | D19: chronic kidney disease | E19: increased | F19: disease_vs_control | G19: oral | I19: medium | J19: verified | K19: keep | L19: Veillonella dispar and Streptococcus vestibularis in DM_HD, Neisseria mucosa and Streptococcus sanguinis in nonDM_HD, Neisseria subflava and Haemophilus parainfluenzae in HC exhibit higher LDA scores
A20: Streptococcus vestibularis | B20: bacteria | C20: species | D20: chronic kidney disease | E20: increased | F20: disease_vs_control | G20: oral | I20: medium | J20: verified | K20: keep | L20: Veillonella dispar and Streptococcus vestibularis in DM_HD, Neisseria mucosa and Streptococcus sanguinis in nonDM_HD, Neisseria subflava and Haemophilus parainfluenzae in HC exhibit higher LDA scores
A21: Neisseria mucosa | B21: bacteria | C21: species | D21: chronic kidney disease | E21: increased | F21: disease_vs_control | G21: oral | I21: medium | J21: verified | K21: keep | L21: Veillonella dispar and Streptococcus vestibularis in DM_HD, Neisseria mucosa and Streptococcus sanguinis in nonDM_HD, Neisseria subflava and Haemophilus parainfluenzae in HC exhibit higher LDA scores
A22: Streptococcus sanguinis | B22: bacteria | C22: species | D22: chronic kidney disease | E22: increased | F22: disease_vs_control | G22: oral | I22: medium | J22: verified | K22: keep | L22: Veillonella dispar and Streptococcus vestibularis in DM_HD, Neisseria mucosa and Streptococcus sanguinis in nonDM_HD, Neisseria subflava and Haemophilus parainfluenzae in HC exhibit higher LDA scores
A23: Neisseria subflava | B23: bacteria | C23: species | D23: chronic kidney disease | E23: decreased | F23: disease_vs_control | G23: oral | I23: medium | J23: verified | K23: keep | L23: Veillonella dispar and Streptococcus vestibularis in DM_HD, Neisseria mucosa and Streptococcus sanguinis in nonDM_HD, Neisseria subflava and Haemophilus parainfluenzae in HC exhibit higher LDA scores
A24: Haemophilus parainfluenzae | B24: bacteria | C24: species | D24: chronic kidney disease | E24: decreased | F24: disease_vs_control | G24: oral | I24: medium | J24: verified | K24: keep | L24: Veillonella dispar and Streptococcus vestibularis in DM_HD, Neisseria mucosa and Streptococcus sanguinis in nonDM_HD, Neisseria subflava and Haemophilus parainfluenzae in HC exhibit higher LDA scores
A25: Actinobacillus | B25: bacteria | C25: genus | D25: chronic kidney disease | E25: increased | F25: disease_vs_control | G25: oral | I25: low | J25: verified | K25: keep_flagged | L25: Streptococcus, Actinobacillus, Abiotrophia can be considered alternative biomarkers for nonDM_HD
A26: Eubacterium nodatum | B26: bacteria | C26: species | D26: chronic kidney disease | E26: decreased | F26: disease_vs_control | G26: oral | I26: low | J26: verified | K26: keep_flagged | L26: Furthermore, the enriched Haemophilus, Actinomyces, Eubacterium nodatum and Peptostreptococcus were prominent features of the tongue coating microbiota in HC

Sheet P193
A1: Paper 193 — Characterization of the nasal and oral microbiota of detection dogs
A2: TAXON NAME | B2: DOMAIN | C2: TAXONOMIC LEVEL | D2: PRIMARY DISEASE | E2: DIRECTION | F2: CHANGE CONTEXT | G2: SAMPLE SITE | H2: P VALUE | I2: CONFIDENCE | J2: AGREEMENT | K2: QUEEN DECISION | L2: VERBATIM EVIDENCE | M2: STATUS | N2: CORRECTION | O2: SAM NOTES
A3: No relationships extracted — please review paper manually and add below if needed.

Sheet P1983
A1: Paper 1983 — Brief antibiotic use drives human gut bacteria towards low-cost resistance
A2: TAXON NAME | B2: DOMAIN | C2: TAXONOMIC LEVEL | D2: PRIMARY DISEASE | E2: DIRECTION | F2: CHANGE CONTEXT | G2: SAMPLE SITE | H2: P VALUE | I2: CONFIDENCE | J2: AGREEMENT | K2: QUEEN DECISION | L2: VERBATIM EVIDENCE | M2: STATUS | N2: CORRECTION | O2: SAM NOTES
A3: Akkermansiaceae | B3: bacteria | C3: family | D3: antibiotic resistance evolution in gut commensals (ciprofloxacin treatment) | E3: increased | F3: treatment_effect | G3: gut | I3: medium | J3: verified | K3: keep | L3: most Akkermansiaceae populations are blooming while most Enterobacteriaceae populations are dropping during the disturbance
A4: Enterobacteriaceae | B4: bacteria | C4: family | D4: antibiotic resistance evolution in gut commensals (ciprofloxacin treatment) | E4: decreased | F4: treatment_effect | G4: gut | I4: medium | J4: verified | K4: keep | L4: most Akkermansiaceae populations are blooming while most Enterobacteriaceae populations are dropping during the disturbance
A5: Phocaeicola vulgatus | B5: bacteria | C5: species | D5: antibiotic resistance evolution in gut commensals (ciprofloxacin treatment) | E5: increased | F5: treatment_effect | G5: gut | I5: low | J5: verified | K5: keep_flagged | L5: See for example Phocaeicola vulgatus, where resistant populations (with F) increase during the exposure, while susceptible populations (with S) keep low

Sheet P199
A1: Paper 199 — Distinct nasal airway bacterial microbiotas differentially relate to exacerbation in pediatric patients with asthma
A2: TAXON NAME | B2: DOMAIN | C2: TAXONOMIC LEVEL | D2: PRIMARY DISEASE | E2: DIRECTION | F2: CHANGE CONTEXT | G2: SAMPLE SITE | H2: P VALUE | I2: CONFIDENCE | J2: AGREEMENT | K2: QUEEN DECISION | L2: VERBATIM EVIDENCE | M2: STATUS | N2: CORRECTION | O2: SAM NOTES
A3: Moraxella species | B3: bacteria | C3: genus | D3: asthma | E3: increased | F3: disease_vs_control | G3: nasal | H3: q=0.04 | I3: high | J3: verified | K3: keep | L3: Children who experienced 1 or more exacerbations in the outcome period were more likely to possess Moraxella species–dominated microbiotas (relative risk [RR] = 1. 66; q = 0. 04)
A4: Moraxella species | B4: bacteria | C4: genus | D4: asthma | E4: increased | F4: disease_vs_control | G4: nasal | H4: q=0.03 | I4: high | J4: verified | K4: keep | L4: ECP concentrations in nasal secretions (a marker of activated eosinophils) measured at randomization were significantly greater in Moraxella species–dominated samples collected closest to the ECP measurement (Table I and see Fig E4)
A5: Haemophilus species | B5: bacteria | C5: genus | D5: asthma | E5: decreased | F5: disease_vs_control | G5: nasal | H5: q=0.04 | I5: high | J5: verified | K5: keep | L5: children who experienced 1 or more exacerbations were less likely to have nasal airway microbiotas dominated by Haemophilus species (RR = 0. 41, q = 0. 04), a finding that remained consistent after adjustment for age (adjusted RR = 0. 39, q = 0. 07
A6: Alloiococcus species | B6: bacteria | C6: genus | D6: asthma | E6: decreased | F6: disease_vs_control | G6: nasal | H6: q=0.14 | I6: high | J6: verified | K6: keep | L6: microbiotas dominated by Alloiococcus, Corynebacterium, or Staphylococcus species were also less likely to be observed in longitudinally collected samples from children who experienced 1 or more exacerbations in the outcome period (RR = 0. 61, q = 0. 14; RR = 0. 44, q = 0. 12; and RR = 0. 70, q = 0. 14, respectively)
A7: Corynebacterium species | B7: bacteria | C7: genus | D7: asthma | E7: decreased | F7: disease_vs_control | G7: nasal | H7: q=0.12 | I7: high | J7: verified | K7: keep | L7: microbiotas dominated by Alloiococcus, Corynebacterium, or Staphylococcus species were also less likely to be observed in longitudinally collected samples from children who experienced 1 or more exacerbations in the outcome period (RR = 0. 61, q = 0. 14; RR = 0. 44, q = 0. 12; and RR = 0. 70, q = 0. 14, respectively)
A8: Staphylococcus species | B8: bacteria | C8: genus | D8: asthma | E8: decreased | F8: disease_vs_control | G8: nasal | H8: q=0.14 | I8: high | J8: verified | K8: keep | L8: microbiotas dominated by Alloiococcus, Corynebacterium, or Staphylococcus species were also less likely to be observed in longitudinally collected samples from children who experienced 1 or more exacerbations in the outcome period (RR = 0. 61, q = 0. 14; RR = 0. 44, q = 0. 12; and RR = 0. 70, q = 0. 14, respectively)
A9: Staphylococcus species | B9: bacteria | C9: genus | D9: rhinovirus infection | E9: decreased | F9: disease_vs_control | G9: nasal | H9: q=0.05 | I9: high | J9: verified | K9: keep | L9: samples with rhinovirus infection, specifically those samples with rhinovirus A detected, were less likely to exhibit a Staphylococcus species–dominated microbiota (RR = 0. 84, q = 0. 05 and RR = 0. 75, q = 0. 05, respectively)
A10: Staphylococcus species | B10: bacteria | C10: genus | D10: rhinovirus A infection | E10: decreased | F10: disease_vs_control | G10: nasal | H10: q=0.05 | I10: high | J10: verified | K10: keep | L10: samples with rhinovirus infection, specifically those samples with rhinovirus A detected, were less likely to exhibit a Staphylococcus species–dominated microbiota (RR = 0. 84, q = 0. 05 and RR = 0. 75, q = 0. 05, respectively)
A11: Staphylococcus species | B11: bacteria | C11: genus | D11: viral respiratory infection | E11: decreased | F11: disease_vs_control | G11: nasal | H11: q=0.03 | I11: high | J11: verified | K11: keep | L11: participants with a greater number of virus-positive samples were also less likely to possess a Staphylococcus species–dominated nasal airway microbiota (RR = 0. 89, q = 0. 03)
A12: Streptococcus species | B12: bacteria | C12: genus | D12: rhinovirus infection | E12: increased | F12: disease_vs_control | G12: nasal | H12: q<0.01 | I12: high | J12: verified | K12: keep | L12: rhinovirus infection, specifically rhinovirus A, or respiratory illness events were more likely to occur in children with a Streptococcus species–dominated microbiota (RR = 1. 54, q < 0. 01 [rhinovirus infection]; RR = 1. 70, q = 0. 03 [rhinovirus A infection]; and RR = 1. 78, q < 0. 01 [respiratory illness])
A13: Streptococcus species | B13: bacteria | C13: genus | D13: rhinovirus A infection | E13: increased | F13: disease_vs_control | G13: nasal | H13: q=0.03 | I13: high | J13: verified | K13: keep | L13: rhinovirus infection, specifically rhinovirus A, or respiratory illness events were more likely to occur in children with a Streptococcus species–dominated microbiota (RR = 1. 54, q < 0. 01 [rhinovirus infection]; RR = 1. 70, q = 0. 03 [rhinovirus A infection]; and RR = 1. 78, q < 0. 01 [respiratory illness])
A14: Streptococcus species | B14: bacteria | C14: genus | D14: respiratory illness | E14: increased | F14: disease_vs_control | G14: nasal | H14: q<0.01 | I14: high | J14: verified | K14: keep | L14: rhinovirus infection, specifically rhinovirus A, or respiratory illness events were more likely to occur in children with a Streptococcus species–dominated microbiota (RR = 1. 54, q < 0. 01 [rhinovirus infection]; RR = 1. 70, q = 0. 03 [rhinovirus A infection]; and RR = 1. 78, q < 0. 01 [respiratory illness])
... A19: Staphylococcus species | B19: bacteria | C19: genus | D19: respiratory illness | E19: decreased | F19: disease_vs_control | G19: nasal | H19: q=0.05 | I19: high | J19: verified | K19: keep | L19: Staphylococcus or Corynebacterium species–dominated microbiotas were associated with reduced respiratory illness and exacerbation events
A20: Acinetobacter | B20: bacteria | C20: genus | D20: asthma | E20: decreased | F20: disease_vs_control | G20: nasal | I20: low | J20: verified | K20: keep_flagged | L20: A number of distinct Corynebacterium and Acinetobacter taxa were depleted at baseline in children who went on to experience an exacerbation (see Fig E1, A, in this article's Online Repository at www. jacionline. org)
A21: Streptococcus species | B21: bacteria | C21: genus | D21: asthma | E21: unchanged | F21: disease_vs_control | G21: nasal | I21: high | J21: verified | K21: keep | L21: However, asthma exacerbations were not significantly associated with the frequency of Streptococcus species–dominated microbiotas in this cohort.

Sheet P2007
A1: Paper 2007 — A population-scale analysis of 36 gut microbiome studies reveals universal species signatures for common diseases
A2: TAXON NAME | B2: DOMAIN | C2: TAXONOMIC LEVEL | D2: PRIMARY DISEASE | E2: DIRECTION | F2: CHANGE CONTEXT | G2: SAMPLE SITE | H2: P VALUE | I2: CONFIDENCE | J2: AGREEMENT | K2: QUEEN DECISION | L2: VERBATIM EVIDENCE | M2: STATUS | N2: CORRECTION | O2: SAM NOTES
A3: Faecalibacterium prausnitzii | B3: bacteria | C3: species | D3: multiple diseases (meta-analysis) | E3: decreased | F3: disease_vs_control | G3: fecal | I3: high | J3: verified | K3: keep | L3: Most of the control-enriched species belonged to the phylum Firmicutes, including members of Clostridium...Faecalibacterium (e.g., F. prausnitzii)...Consistent with the species-level results, several genera involved in SCFA production such as Faecalibacterium, Roseburia, and Butyricicoccus were reduced in diseased subjected compared to healthy controls
A4: Roseburia intestinalis | B4: bacteria | C4: species | D4: multiple diseases (meta-analysis) | E4: decreased | F4: disease_vs_control | G4: fecal | I4: high | J4: verified | K4: keep | L4: Most of the control-enriched species belonged to the phylum Firmicutes, including members of...Roseburia (e.g., R. intestinalis, R. faecis, R. hominis, and R. inulinivorans)
A5: Roseburia faecis | B5: bacteria | C5: species | D5: multiple diseases (meta-analysis) | E5: decreased | F5: disease_vs_control | G5: fecal | I5: high | J5: verified | K5: keep | L5: Most of the control-enriched species belonged to the phylum Firmicutes, including members of...Roseburia (e.g., R. intestinalis, R. faecis, R. hominis, and R. inulinivorans)
A6: Roseburia hominis | B6: bacteria | C6: species | D6: multiple diseases (meta-analysis) | E6: decreased | F6: disease_vs_control | G6: fecal | I6: high | J6: verified | K6: keep | L6: Most of the control-enriched species belonged to the phylum Firmicutes, including members of...Roseburia (e.g., R. intestinalis, R. faecis, R. hominis, and R. inulinivorans)
A7: Roseburia inulinivorans | B7: bacteria | C7: species | D7: multiple diseases (meta-analysis) | E7: decreased | F7: disease_vs_control | G7: fecal | I7: high | J7: verified | K7: keep | L7: Most of the control-enriched species belonged to the phylum Firmicutes, including members of...Roseburia (e.g., R. intestinalis, R. faecis, R. hominis, and R. inulinivorans)
A8: Blautia faecicola | B8: bacteria | C8: species | D8: multiple diseases (meta-analysis) | E8: decreased | F8: disease_vs_control | G8: fecal | I8: high | J8: verified | K8: keep | L8: Most of the control-enriched species belonged to the phylum Firmicutes, including members of...Blautia (e.g., B. faecicola, B. glucerasea, B. massiliensis, and B. stercoris)
A9: Blautia glucerasea | B9: bacteria | C9: species | D9: multiple diseases (meta-analysis) | E9: decreased | F9: disease_vs_control | G9: fecal | I9: high | J9: verified | K9: keep | L9: Most of the control-enriched species belonged to the phylum Firmicutes, including members of...Blautia (e.g., B. faecicola, B. glucerasea, B. massiliensis, and B. stercoris)
A10: Blautia massiliensis | B10: bacteria | C10: species | D10: multiple diseases (meta-analysis) | E10: decreased | F10: disease_vs_control | G10: fecal | I10: high | J10: verified | K10: keep | L10: Most of the control-enriched species belonged to the phylum Firmicutes, including members of...Blautia (e.g., B. faecicola, B. glucerasea, B. massiliensis, and B. stercoris)
A11: Blautia stercoris | B11: bacteria | C11: species | D11: multiple diseases (meta-analysis) | E11: decreased | F11: disease_vs_control | G11: fecal | I11: high | J11: verified | K11: keep | L11: Most of the control-enriched species belonged to the phylum Firmicutes, including members of...Blautia (e.g., B. faecicola, B. glucerasea, B. massiliensis, and B. stercoris)
A12: Clostridium fessum | B12: bacteria | C12: species | D12: multiple diseases (meta-analysis) | E12: decreased | F12: disease_vs_control | G12: fecal | I12: high | J12: verified | K12: keep | L12: Most of the control-enriched species belonged to the phylum Firmicutes, including members of Clostridium (containing C. fessum, C. leptum, and a variety of unclassified species)
A13: Clostridium leptum | B13: bacteria | C13: species | D13: multiple diseases (meta-analysis) | E13: decreased | F13: disease_vs_control | G13: fecal | I13: high | J13: verified | K13: keep | L13: Most of the control-enriched species belonged to the phylum Firmicutes, including members of Clostridium (containing C. fessum, C. leptum, and a variety of unclassified species)
A14: Ruminococcus bicirculans | B14: bacteria | C14: species | D14: multiple diseases (meta-analysis) | E14: decreased | F14: disease_vs_control | G14: fecal | I14: high | J14: verified | K14: keep | L14: Most of the control-enriched species belonged to the phylum Firmicutes, including members of...Ruminococcus (e.g., R. bicirculans, R. bromii, R. callidus, and R. lactaris)
... A68: Firmicutes | B68: bacteria | C68: phylum | D68: multiple diseases (meta-analysis) | E68: decreased | F68: disease_vs_control | G68: fecal | I68: low | J68: verified | K68: keep_flagged | L68: Most of the control-enriched species belonged to the phylum Firmicutes, including members of Clostridium...Blautia...Roseburia...Faecalibacterium...and Ruminococcus

Sheet P206
A1: Paper 206 — Gut-associated microbes are present and active in the pig nasal cavity
A2: TAXON NAME | B2: DOMAIN | C2: TAXONOMIC LEVEL | D2: PRIMARY DISEASE | E2: DIRECTION | F2: CHANGE CONTEXT | G2: SAMPLE SITE | H2: P VALUE | I2: CONFIDENCE | J2: AGREEMENT | K2: QUEEN DECISION | L2: VERBATIM EVIDENCE | M2: STATUS | N2: CORRECTION | O2: SAM NOTES
A3: Prevotella | B3: bacteria | C3: genus | D3: chronic rhinosinusitis | E3: increased | F3: disease_vs_control | G3: nasal | I3: low | J3: verified | K3: keep_flagged | L3: in humans with chronic rhinosinusitis, Prevotella (genus belonging to Bacteroidales) was associated with increased inflammatory severity

Sheet P208
A1: Paper 208 — Determination of nasal and oropharyngeal microbiomes in a multicenter population-based study – findings from Pretest 1 of the German National Cohort
A2: TAXON NAME | B2: DOMAIN | C2: TAXONOMIC LEVEL | D2: PRIMARY DISEASE | E2: DIRECTION | F2: CHANGE CONTEXT | G2: SAMPLE SITE | H2: P VALUE | I2: CONFIDENCE | J2: AGREEMENT | K2: QUEEN DECISION | L2: VERBATIM EVIDENCE | M2: STATUS | N2: CORRECTION | O2: SAM NOTES
A3: No relationships extracted — please review paper manually and add below if needed.

Sheet P435
A1: Paper 435 — Dynamic alterations in the lung microbiota in a rat model of lipopolysaccharide-induced acute lung injury
A2: TAXON NAME | B2: DOMAIN | C2: TAXONOMIC LEVEL | D2: PRIMARY DISEASE | E2: DIRECTION | F2: CHANGE CONTEXT | G2: SAMPLE SITE | H2: P VALUE | I2: CONFIDENCE | J2: AGREEMENT | K2: QUEEN DECISION | L2: VERBATIM EVIDENCE | M2: STATUS | N2: CORRECTION | O2: SAM NOTES
A3: Brevibacterium | B3: bacteria | C3: genus | D3: acute lung injury / acute respiratory distress syndrome (ALI/ARDS) | E3: increased | F3: disease_vs_control | G3: lung | I3: high | J3: verified | K3: keep | L3: At the genus level, Brevibacterium, Motilimonas, Enterococcus, Faecalibacterium, and Ligilactobacillus were significantly increased in the LPS12 group versus the Control group
A4: Motilimonas | B4: bacteria | C4: genus | D4: acute lung injury / acute respiratory distress syndrome (ALI/ARDS) | E4: increased | F4: disease_vs_control | G4: lung | I4: high | J4: verified | K4: keep | L4: At the genus level, Brevibacterium, Motilimonas, Enterococcus, Faecalibacterium, and Ligilactobacillus were significantly increased in the LPS12 group versus the Control group
A5: Enterococcus | B5: bacteria | C5: genus | D5: acute lung injury / acute respiratory distress syndrome (ALI/ARDS) | E5: increased | F5: disease_vs_control | G5: lung | I5: high | J5: verified | K5: keep | L5: At the genus level, Brevibacterium, Motilimonas, Enterococcus, Faecalibacterium, and Ligilactobacillus were significantly increased in the LPS12 group versus the Control group
A6: Faecalibacterium | B6: bacteria | C6: genus | D6: acute lung injury / acute respiratory distress syndrome (ALI/ARDS) | E6: increased | F6: disease_vs_control | G6: lung | I6: high | J6: verified | K6: keep | L6: At the genus level, Brevibacterium, Motilimonas, Enterococcus, Faecalibacterium, and Ligilactobacillus were significantly increased in the LPS12 group versus the Control group
A7: Ligilactobacillus | B7: bacteria | C7: genus | D7: acute lung injury / acute respiratory distress syndrome (ALI/ARDS) | E7: increased | F7: disease_vs_control | G7: lung | I7: high | J7: verified | K7: keep | L7: At the genus level, Brevibacterium, Motilimonas, Enterococcus, Faecalibacterium, and Ligilactobacillus were significantly increased in the LPS12 group versus the Control group
A8: Lactiplantibacillus | B8: bacteria | C8: genus | D8: acute lung injury / acute respiratory distress syndrome (ALI/ARDS) | E8: decreased | F8: disease_vs_control | G8: lung | I8: high | J8: verified | K8: keep | L8: whereas Lactiplantibacillus and Paracoccus were significantly decreased
A9: Paracoccus | B9: bacteria | C9: genus | D9: acute lung injury / acute respiratory distress syndrome (ALI/ARDS) | E9: decreased | F9: disease_vs_control | G9: lung | I9: high | J9: verified | K9: keep | L9: whereas Lactiplantibacillus and Paracoccus were significantly decreased
A10: Pseudarthrobacter | B10: bacteria | C10: genus | D10: acute lung injury / acute respiratory distress syndrome (ALI/ARDS) | E10: increased | F10: treatment_effect | G10: lung | I10: medium | J10: verified | K10: keep_flagged | L10: At the genus level, Pseudarthrobacter was significantly increased in the LPS48 group as compared with the LPS12 group
A11: Olsenella | B11: bacteria | C11: genus | D11: acute lung injury / acute respiratory distress syndrome (ALI/ARDS) | E11: decreased | F11: treatment_effect | G11: lung | I11: medium | J11: verified | K11: keep_flagged | L11: whereas Olsenella, Escherichia Shigella, Acinetobacter, and Phascolarctobacterium were significantly decreased
A12: Escherichia Shigella | B12: bacteria | C12: genus | D12: acute lung injury / acute respiratory distress syndrome (ALI/ARDS) | E12: decreased | F12: treatment_effect | G12: lung | I12: medium | J12: verified | K12: keep_flagged | L12: whereas Olsenella, Escherichia Shigella, Acinetobacter, and Phascolarctobacterium were significantly decreased
A13: Acinetobacter | B13: bacteria | C13: genus | D13: acute lung injury / acute respiratory distress syndrome (ALI/ARDS) | E13: decreased | F13: treatment_effect | G13: lung | I13: medium | J13: verified | K13: keep_flagged | L13: whereas Olsenella, Escherichia Shigella, Acinetobacter, and Phascolarctobacterium were significantly decreased
A14: Phascolarctobacterium | B14: bacteria | C14: genus | D14: acute lung injury / acute respiratory distress syndrome (ALI/ARDS) | E14: decreased | F14: treatment_effect | G14: lung | I14: medium | J14: verified | K14: keep_flagged | L14: whereas Olsenella, Escherichia Shigella, Acinetobacter, and Phascolarctobacterium were significantly decreased
... A22: Olsenella | B22: bacteria | C22: genus | D22: acute lung injury / acute respiratory distress syndrome (ALI/ARDS) | E22: decreased | F22: disease_vs_control | G22: lung | I22: high | J22: verified | K22: keep | L22: whereas Paramuribaculum, Escherichia Shigella, Enterobacter, Gp2, Brachybacterium, Lachnospira, and Olsenella were significantly decreased

Sheet P451
A1: Paper 451 — Characterization of the upper and lower respiratory tract microbiota in Piedmontese calves
A2: TAXON NAME | B2: DOMAIN | C2: TAXONOMIC LEVEL | D2: PRIMARY DISEASE | E2: DIRECTION | F2: CHANGE CONTEXT | G2: SAMPLE SITE | H2: P VALUE | I2: CONFIDENCE | J2: AGREEMENT | K2: QUEEN DECISION | L2: VERBATIM EVIDENCE | M2: STATUS | N2: CORRECTION | O2: SAM NOTES
A3: Mycoplasma | B3: bacteria | C3: genus | D3: bovine respiratory disease (BRD) | E3: unchanged | F3: disease_vs_control | G3: respiratory | I3: high | J3: verified | K3: keep | L3: no correlation was found between the presence or absence of clinical signs and microbial composition of the NS and the TTA samples (Adonis on Bray-Curtis dissimilarity, weighted UniFrac, or unweighted UniFrac distance; P > 0. 05, power > 90%)
A4: Mycoplasma | B4: bacteria | C4: genus | D4: bovine respiratory disease (BRD) | E4: increased | F4: disease_vs_control | G4: respiratory | I4: low | J4: verified | K4: keep_flagged | L4: This genus was previously identified with high abundance in the upper respiratory airways of both healthy and BRD-affected calves
A5: Pasteurella multocida | B5: bacteria | C5: species | D5: bovine respiratory disease (BRD) | E5: unchanged | F5: disease_vs_control | G5: respiratory | I5: high | J5: verified | K5: keep | L5: The absence of a significant difference in lower microbiota composition between healthy and BRD-affected calves suggests that P. multocida could be part of the microbial flora of the lower respiratory tract of healthy animals
A6: Mannheimia haemolytica | B6: bacteria | C6: species | D6: bovine respiratory disease (BRD) | E6: unclear | F6: disease_vs_control | G6: respiratory | I6: low | J6: verified | K6: keep_flagged | L6: The bacterial pathogens most often identified by culture-based methods in the course of BRD are Mannheimia haemolytica, Pasteurella multocida, Histophilus somni, and Mycoplasma bovis
A7: Mycoplasma bovis | B7: bacteria | C7: species | D7: bovine respiratory disease (BRD) | E7: unclear | F7: disease_vs_control | G7: respiratory | I7: low | J7: verified | K7: keep_flagged | L7: Although M. bovis is recognized as a major etiologic agent in BRD and otitis media, less is known about other Mycoplasma spp., e. g., M. dispar and M. bovirhinis, which have been detected less frequently in the bovine respiratory tract
A8: Moraxella | B8: bacteria | C8: genus | D8: bovine respiratory disease (BRD) | E8: unclear | F8: disease_vs_control | G8: nasal | I8: low | J8: verified | K8: keep_flagged | L8: Lima et al. [31] also found a correlation between the presence of Moraxella and the development of BRD
A9: Fusobacteria | B9: bacteria | C9: phylum | D9: bovine respiratory disease (BRD) | E9: increased | F9: disease_vs_control | G9: respiratory | I9: low | J9: verified | K9: keep_flagged | L9: Fusobacteria seemed to be characteristic of this ecosystem. Identification of this phylum in the bovine upper respiratory tract has rarely been reported and each time with low abundance
A10: Tenericutes | B10: bacteria | C10: phylum | D10: bovine respiratory disease (BRD) | E10: unchanged | F10: disease_vs_control | G10: respiratory | I10: high | J10: verified | K10: keep | L10: no correlation was found between the presence or absence of clinical signs and microbial composition of the NS and the TTA samples (Adonis on Bray-Curtis dissimilarity, weighted UniFrac, or unweighted UniFrac distance; P > 0. 05, power > 90%)
A11: Proteobacteria | B11: bacteria | C11: phylum | D11: bovine respiratory disease (BRD) | E11: unchanged | F11: disease_vs_control | G11: respiratory | I11: high | J11: verified | K11: keep | L11: no correlation was found between the presence or absence of clinical signs and microbial composition of the NS and the TTA samples (Adonis on Bray-Curtis dissimilarity, weighted UniFrac, or unweighted UniFrac distance; P > 0. 05, power > 90%)
A12: Corynebacterium | B12: bacteria | C12: genus | D12: bovine respiratory disease (BRD) | E12: unclear | F12: disease_vs_control | G12: nasal | I12: low | J12: verified | K12: keep_flagged | L12: Corynebacterium was identified in all NS samples, and previous studies have reported its relatively high abundance in the bovine upper respiratory tract [25, 26, 31]. In children, it has been correlated with a reduced risk of developing otitis media and respiratory disease
A13: Histophilus somni | B13: bacteria | C13: species | D13: bovine respiratory disease (BRD) | E13: unclear | F13: disease_vs_control | G13: respiratory | I13: low | J13: verified | K13: keep_flagged | L13: The bacterial pathogens most often identified by culture-based methods in the course of BRD are Mannheimia haemolytica, Pasteurella multocida, Histophilus somni, and Mycoplasma bovis
A14: Moraxella bovis | B14: bacteria | C14: species | D14: infectious bovine keratoconjunctivitis | E14: unclear | F14: disease_vs_control | G14: other | I14: low | J14: verified | K14: keep_flagged | L14: In cattle, Moraxella bovis is the etiological agent of infectious bovine keratoconjunctivitis (IBK), and Moraxella genus has rarely been isolated in the course of BRD
... A16: Ureaplasma | B16: bacteria | C16: genus | D16: bovine respiratory disease (BRD) | E16: unchanged | F16: disease_vs_control | G16: respiratory | I16: medium | J16: verified | K16: keep | L16: A few other genera with an abundance > 1% were also found in... the TTA samples [Mannheimia 1. 6% (0. 7% ± 0. 6%), Bacteroides 1. 5% (1. 8% ± 1. 8%), Ureaplasma 1. 3% (1. 2% ± 0. 6%)]

Sheet P461
A1: Paper 461 — Impact of Fecal Microbiota Transplantation on Gut Bacterial Bile Acid Metabolism in Humans
A2: TAXON NAME | B2: DOMAIN | C2: TAXONOMIC LEVEL | D2: PRIMARY DISEASE | E2: DIRECTION | F2: CHANGE CONTEXT | G2: SAMPLE SITE | H2: P VALUE | I2: CONFIDENCE | J2: AGREEMENT | K2: QUEEN DECISION | L2: VERBATIM EVIDENCE | M2: STATUS | N2: CORRECTION | O2: SAM NOTES
A3: Roseburia | B3: bacteria | C3: genus | D3: type 2 diabetes mellitus | E3: decreased | F3: disease_vs_control | G3: fecal | I3: low | J3: verified | K3: keep_flagged | L3: Roseburia and Faecalibacterium prausnitzii are differentially enriched in T2DM [1].
A4: Faecalibacterium prausnitzii | B4: bacteria | C4: species | D4: type 2 diabetes mellitus | E4: decreased | F4: disease_vs_control | G4: fecal | I4: low | J4: verified | K4: keep_flagged | L4: Roseburia and Faecalibacterium prausnitzii are differentially enriched in T2DM [1].
A5: Bacteroidetes | B5: bacteria | C5: phylum | D5: obesity | E5: decreased | F5: disease_vs_control | G5: fecal | I5: low | J5: verified | K5: keep_flagged | L5: decreases in Bacteroidetes and increases in Actinobacteria and Firmicutes are associated with obesity [2,3].
A6: Actinobacteria | B6: bacteria | C6: phylum | D6: obesity | E6: increased | F6: disease_vs_control | G6: fecal | I6: low | J6: verified | K6: keep_flagged | L6: decreases in Bacteroidetes and increases in Actinobacteria and Firmicutes are associated with obesity [2,3].
A7: Firmicutes | B7: bacteria | C7: phylum | D7: obesity | E7: increased | F7: disease_vs_control | G7: fecal | I7: low | J7: verified | K7: keep_flagged | L7: decreases in Bacteroidetes and increases in Actinobacteria and Firmicutes are associated with obesity [2,3].
A8: Paraprevotella | B8: bacteria | C8: genus | D8: obesity / metabolic disease | E8: increased | F8: treatment_effect | G8: fecal | H8: < 0.05 | I8: high | J8: verified | K8: keep | L8: At the genus level, FMT-enriched Paraprevotella and Longibaculum (Figure 2B,C, p < 0. 05) compared to placebo
A9: Longibaculum | B9: bacteria | C9: genus | D9: obesity / metabolic disease | E9: increased | F9: treatment_effect | G9: fecal | H9: < 0.05 | I9: high | J9: verified | K9: keep | L9: At the genus level, FMT-enriched Paraprevotella and Longibaculum (Figure 2B,C, p < 0. 05) compared to placebo
A10: Clostridium hylemonae | B10: bacteria | C10: species | D10: obesity / metabolic disease | E10: increased | F10: treatment_effect | G10: fecal | I10: medium | J10: verified | K10: keep | L10: FMT tended to increase the relative abundance of Clostridium hylemonae, a bacterial species known to convert primary to secondary bile acids (Figure 2D)
A11: Desulfovibrio fairfieldensis | B11: bacteria | C11: species | D11: obesity / metabolic disease | E11: increased | F11: treatment_effect | G11: fecal | H11: < 0.05 | I11: high | J11: verified | K11: keep | L11: FMT increased Desulfovibrio fairfieldensis compared with placebo (Figure 2E, p < 0. 05)
A12: Phocaeicola dorei | B12: bacteria | C12: species | D12: obesity / metabolic disease | E12: increased | F12: treatment_effect | G12: fecal | H12: 7.47e-45 | I12: high | J12: verified | K12: keep | L12: Phocaeicola dorei and Bacteroides ovatus were positively correlated with unconjugated chenodeoxycholic acid (CDCA) (p = 7. 47 × 10−45 and 2. 50 × 10−8)
A13: Bacteroides ovatus | B13: bacteria | C13: species | D13: obesity / metabolic disease | E13: increased | F13: treatment_effect | G13: fecal | H13: 2.50e-8 | I13: high | J13: verified | K13: keep | L13: Phocaeicola dorei and Bacteroides ovatus were positively correlated with unconjugated chenodeoxycholic acid (CDCA) (p = 7. 47 × 10−45 and 2. 50 × 10−8)
A14: Bacteroides ovatus | B14: bacteria | C14: species | D14: obesity / metabolic disease | E14: increased | F14: treatment_effect | G14: fecal | H14: 0.0317 | I14: high | J14: verified | K14: keep | L14: The same strain of B. ovatus was positively correlated with unconjugated cholic acid (CA) (p = 0. 0317)
A15: Bifidobacterium adolescentis | B15: bacteria | C15: species | D15: obesity / metabolic disease | E15: increased | F15: treatment_effect | G15: fecal | H15: 0.0123 | I15: high | J15: verified | K15: keep | L15: Bifidobacterium adolescentis and Collinsella aerofaciens were positively correlated with the production of DCA (specifically, the glycine-conjugated form, GDCA) (p = 0. 0123 and 0. 0634)
A16: Collinsella aerofaciens | B16: bacteria | C16: species | D16: obesity / metabolic disease | E16: increased | F16: treatment_effect | G16: fecal | H16: 0.0634 | I16: high | J16: verified | K16: keep | L16: Bifidobacterium adolescentis and Collinsella aerofaciens were positively correlated with the production of DCA (specifically, the glycine-conjugated form, GDCA) (p = 0. 0123 and 0. 0634)
A17: Faecalibacterium prausnitzii | B17: bacteria | C17: species | D17: obesity / metabolic disease | E17: increased | F17: treatment_effect | G17: fecal | H17: 0.0634 | I17: high | J17: verified | K17: keep | L17: Faecalibacterium prausnitzii was positively correlated with LCA (p = 0. 0634)

Sheet P626
A1: Paper 626 — Whole genome sequencing revealed microbiome in lung adenocarcinomas presented as ground-glass nodules
A2: TAXON NAME | B2: DOMAIN | C2: TAXONOMIC LEVEL | D2: PRIMARY DISEASE | E2: DIRECTION | F2: CHANGE CONTEXT | G2: SAMPLE SITE | H2: P VALUE | I2: CONFIDENCE | J2: AGREEMENT | K2: QUEEN DECISION | L2: VERBATIM EVIDENCE | M2: STATUS | N2: CORRECTION | O2: SAM NOTES
A3: Firmicutes | B3: bacteria | C3: phylum | D3: lung adenocarcinoma (ground-glass nodules) | E3: unclear | F3: disease_vs_control | G3: lung | I3: low | J3: verified | K3: keep_flagged | L3: The phylum level included Firmicutes and Actinobacteria. At the genus level, the core lung tissue microbiota included Mycobacterium, Corynebacterium, and Negativicoccus
A4: Actinobacteria | B4: bacteria | C4: phylum | D4: lung adenocarcinoma (ground-glass nodules) | E4: unclear | F4: disease_vs_control | G4: lung | I4: low | J4: verified | K4: keep_flagged | L4: The phylum level included Firmicutes and Actinobacteria. At the genus level, the core lung tissue microbiota included Mycobacterium, Corynebacterium, and Negativicoccus
A5: Mycobacterium | B5: bacteria | C5: genus | D5: lung adenocarcinoma (ground-glass nodules) | E5: unclear | F5: disease_vs_control | G5: lung | I5: medium | J5: verified | K5: keep_flagged | L5: Interestingly, Mycobacterium was discovered in GGNs. Mycobacterium tuberculosis and Mycobacterium avium complex (MAC) are considered to play a potential role in oncogenesis
A6: Corynebacterium | B6: bacteria | C6: genus | D6: lung adenocarcinoma (ground-glass nodules) | E6: unclear | F6: disease_vs_control | G6: lung | I6: low | J6: verified | K6: keep_flagged | L6: At the genus level, the core lung tissue microbiota included Mycobacterium, Corynebacterium, and Negativicoccus
A7: Negativicoccus | B7: bacteria | C7: genus | D7: lung adenocarcinoma (ground-glass nodules) | E7: unclear | F7: disease_vs_control | G7: lung | I7: low | J7: verified | K7: keep_flagged | L7: Negativicoccus demonstrated the most richness amongst all samples, followed by Mycobacterium and Corynebacterium

Sheet P756
A1: Paper 756 — The Effects of Electronic Cigarettes on Oral Microbiome and Metabolome in 3D Tissue-Engineered Models
A2: TAXON NAME | B2: DOMAIN | C2: TAXONOMIC LEVEL | D2: PRIMARY DISEASE | E2: DIRECTION | F2: CHANGE CONTEXT | G2: SAMPLE SITE | H2: P VALUE | I2: CONFIDENCE | J2: AGREEMENT | K2: QUEEN DECISION | L2: VERBATIM EVIDENCE | M2: STATUS | N2: CORRECTION | O2: SAM NOTES
A3: Clostridium | B3: bacteria | C3: genus | D3: oral dysbiosis | E3: increased | F3: treatment_effect | G3: oral | H3: <0.05 | I3: high | J3: verified | K3: keep | L3: Affected taxa that was abundant in the flavoured EC with nicotine group included anaerobic Clostridium, Prevotella, Veillonellaceae, and Bacteroides.
A4: Prevotella | B4: bacteria | C4: genus | D4: oral dysbiosis | E4: increased | F4: treatment_effect | G4: oral | H4: <0.05 | I4: high | J4: verified | K4: keep | L4: Affected taxa that was abundant in the flavoured EC with nicotine group included anaerobic Clostridium, Prevotella, Veillonellaceae, and Bacteroides.
A5: Bacteroides | B5: bacteria | C5: genus | D5: oral dysbiosis | E5: increased | F5: treatment_effect | G5: oral | H5: <0.05 | I5: high | J5: verified | K5: keep | L5: Affected taxa that was abundant in the flavoured EC with nicotine group included anaerobic Clostridium, Prevotella, Veillonellaceae, and Bacteroides.
A6: Veillonellaceae | B6: bacteria | C6: family | D6: oral dysbiosis | E6: increased | F6: treatment_effect | G6: oral | H6: <0.05 | I6: high | J6: verified | K6: keep | L6: Affected taxa that was abundant in the flavoured EC with nicotine group included anaerobic Clostridium, Prevotella, Veillonellaceae, and Bacteroides.
A7: Proteobacteria | B7: bacteria | C7: phylum | D7: oral dysbiosis | E7: unclear | F7: treatment_effect | G7: oral | H7: <0.05 | I7: medium | J7: verified | K7: keep_flagged | L7: at the phylum level, Proteobacteria and Firmicutes exhibited alterations
A8: Firmicutes | B8: bacteria | C8: phylum | D8: oral dysbiosis | E8: unclear | F8: treatment_effect | G8: oral | H8: <0.05 | I8: medium | J8: verified | K8: keep_flagged | L8: taxa such as Firmicutes at the phylum level, Bacilli and Bacteroidia at the class level, Prevotellaceae and Enterobacteriaceae at the family level, and Prevotella at the genus level, were significantly impacted in flavoured EC users, irrespective of nicotine presence.
A9: Actinobacteria | B9: bacteria | C9: class | D9: oral dysbiosis | E9: unclear | F9: treatment_effect | G9: oral | H9: <0.05 | I9: medium | J9: verified | K9: keep_flagged | L9: at the class level, Actinobacteria, Bacilli, Bacteroidia, and Clostridia were affected
A10: Bacilli | B10: bacteria | C10: class | D10: oral dysbiosis | E10: unclear | F10: treatment_effect | G10: oral | H10: <0.05 | I10: medium | J10: verified | K10: keep_flagged | L10: taxa such as Firmicutes at the phylum level, Bacilli and Bacteroidia at the class level, Prevotellaceae and Enterobacteriaceae at the family level, and Prevotella at the genus level, were significantly impacted in flavoured EC users, irrespective of nicotine presence.
A11: Bacteroidia | B11: bacteria | C11: class | D11: oral dysbiosis | E11: unclear | F11: treatment_effect | G11: oral | H11: <0.05 | I11: medium | J11: verified | K11: keep_flagged | L11: taxa such as Firmicutes at the phylum level, Bacilli and Bacteroidia at the class level, Prevotellaceae and Enterobacteriaceae at the family level, and Prevotella at the genus level, were significantly impacted in flavoured EC users, irrespective of nicotine presence.
A12: Clostridia | B12: bacteria | C12: class | D12: oral dysbiosis | E12: unclear | F12: treatment_effect | G12: oral | H12: <0.05 | I12: medium | J12: verified | K12: keep_flagged | L12: at the class level, Actinobacteria, Bacilli, Bacteroidia, and Clostridia were affected
A13: Prevotellaceae | B13: bacteria | C13: family | D13: oral dysbiosis | E13: unclear | F13: treatment_effect | G13: oral | H13: <0.05 | I13: medium | J13: verified | K13: keep_flagged | L13: taxa such as Firmicutes at the phylum level, Bacilli and Bacteroidia at the class level, Prevotellaceae and Enterobacteriaceae at the family level, and Prevotella at the genus level, were significantly impacted in flavoured EC users, irrespective of nicotine presence.
A14: Enterobacteriaceae | B14: bacteria | C14: family | D14: oral dysbiosis | E14: unclear | F14: treatment_effect | G14: oral | H14: <0.05 | I14: medium | J14: verified | K14: keep_flagged | L14: taxa such as Firmicutes at the phylum level, Bacilli and Bacteroidia at the class level, Prevotellaceae and Enterobacteriaceae at the family level, and Prevotella at the genus level, were significantly impacted in flavoured EC users, irrespective of nicotine presence.
... A19: Clostridium_XlVa | B19: bacteria | C19: genus | D19: oral dysbiosis | E19: increased | F19: treatment_effect | G19: oral | H19: <0.05 | I19: medium | J19: verified | K19: keep_flagged | L19: at genus level Prevotella, Bacteroides, Bifidobacterium, and Clostridium_XlVa showed differences

Sheet P856
A1: Paper 856 — Gut microbiome and schizophrenia: insights from two-sample Mendelian randomization
A2: TAXON NAME | B2: DOMAIN | C2: TAXONOMIC LEVEL | D2: PRIMARY DISEASE | E2: DIRECTION | F2: CHANGE CONTEXT | G2: SAMPLE SITE | H2: P VALUE | I2: CONFIDENCE | J2: AGREEMENT | K2: QUEEN DECISION | L2: VERBATIM EVIDENCE | M2: STATUS | N2: CORRECTION | O2: SAM NOTES
A3: Firmicutes | B3: bacteria | C3: phylum | D3: schizophrenia | E3: increased | F3: disease_vs_control | G3: gut | H3: 0.015 | I3: high | J3: verified | K3: keep | L3: The result of IVW suggests that nine taxa were positively correlated with schizophrenia risk, including phylum Firmicutes, class Betaproteobacteria, class Clostridia, order Clostridiales, family Prevotellaceae, genus Alloprevotella, genus FamilyXIIIUCG001, genus Hungatella, and genus Subdoligranulum (OR: 1. 08–1. 16, p ≤ 0. 044)
A4: Betaproteobacteria | B4: bacteria | C4: class | D4: schizophrenia | E4: increased | F4: disease_vs_control | G4: gut | H4: 0.027 | I4: high | J4: verified | K4: keep | L4: Class Betaproteobacteria | Schizophrenia | 1. 13 [1. 01–1. 27] | 0. 027
A5: Clostridia | B5: bacteria | C5: class | D5: schizophrenia | E5: increased | F5: disease_vs_control | G5: gut | H5: 4.22E-03 | I5: high | J5: verified | K5: keep | L5: Class Clostridia | Schizophrenia | 1. 16 [1. 05–1. 28] | 4. 22E−03
A6: Clostridiales | B6: bacteria | C6: order | D6: schizophrenia | E6: increased | F6: disease_vs_control | G6: gut | H6: 0.027 | I6: high | J6: verified | K6: keep | L6: Order Clostridiales | Schizophrenia | 1. 12 [1. 01–1. 24] | 0. 027
A7: Prevotellaceae | B7: bacteria | C7: family | D7: schizophrenia | E7: increased | F7: disease_vs_control | G7: gut | H7: 1.36E-03 | I7: high | J7: verified | K7: keep | L7: Family Prevotellaceae | Schizophrenia | 1. 11 [1. 03–1. 20] | 1. 36E−03
A8: Rhodospirillaceae | B8: bacteria | C8: family | D8: schizophrenia | E8: decreased | F8: disease_vs_control | G8: gut | H8: 0.049 | I8: high | J8: verified | K8: keep | L8: six taxa served as protective factors for schizophrenia, including family Rhodospirillaceae, family Defluviitaleaceae, family Veillonellaceae, genus Coprobacter, genus Gordonibacter, and genus Desulfovibrio (OR: 0. 88–0. 94, p ≤ 0. 049)
A9: Defluviitaleaceae | B9: bacteria | C9: family | D9: schizophrenia | E9: decreased | F9: disease_vs_control | G9: gut | H9: 0.041 | I9: high | J9: verified | K9: keep | L9: Family Defluviitaleaceae | Schizophrenia | 0. 92 [0. 85–1. 00] | 0. 041
A10: Veillonellaceae | B10: bacteria | C10: family | D10: schizophrenia | E10: decreased | F10: disease_vs_control | G10: gut | H10: 0.033 | I10: high | J10: verified | K10: keep | L10: Family Veillonellaceae | Schizophrenia | 0. 93 [0. 87–0. 99] | 0. 033
A11: Alloprevotella | B11: bacteria | C11: genus | D11: schizophrenia | E11: increased | F11: disease_vs_control | G11: gut | H11: 7.88E-03 | I11: high | J11: verified | K11: keep | L11: Genus Alloprevotella | Schizophrenia | 1. 09 [1. 02–1. 16] | 7. 88E−03
A12: Coprobacter | B12: bacteria | C12: genus | D12: schizophrenia | E12: decreased | F12: disease_vs_control | G12: gut | H12: 7.29E-03 | I12: high | J12: verified | K12: keep | L12: Genus Coprobacter | Schizophrenia | 0. 92 [0. 86–0. 98] | 7. 29E−03
A13: Desulfovibrio | B13: bacteria | C13: genus | D13: schizophrenia | E13: decreased | F13: disease_vs_control | G13: gut | H13: 1.89E-03 | I13: high | J13: verified | K13: keep | L13: Genus Desulfovibrio | Schizophrenia | 0. 88 [0. 82–0. 96] | 1. 89E−03
A14: FamilyXIIIUCG001 | B14: bacteria | C14: genus | D14: schizophrenia | E14: increased | F14: disease_vs_control | G14: gut | H14: 0.044 | I14: high | J14: verified | K14: keep | L14: Genus FamilyXIIIUCG001 | Schizophrenia | 1. 14 [1. 00–1. 29] | 0. 044
... A28: Verrucomicrobiales | B28: bacteria | C28: order | D28: schizophrenia | E28: increased | F28: disease_vs_control | G28: gut | H28: 0.039 | I28: high | J28: verified | K28: keep | L28: Schizophrenia | Order Verrucomicrobiales | 1. 04 [1. 00–1. 09] | 0. 039

Sheet P943
A1: Paper 943 — Oral Microbiome in Nonsmoker Patients with Oral Cavity Squamous Cell Carcinoma, Defined by Metagenomic Shotgun Sequencing
A2: TAXON NAME | B2: DOMAIN | C2: TAXONOMIC LEVEL | D2: PRIMARY DISEASE | E2: DIRECTION | F2: CHANGE CONTEXT | G2: SAMPLE SITE | H2: P VALUE | I2: CONFIDENCE | J2: AGREEMENT | K2: QUEEN DECISION | L2: VERBATIM EVIDENCE | M2: STATUS | N2: CORRECTION | O2: SAM NOTES
A3: Bacteroidetes | B3: bacteria | C3: phylum | D3: oral cavity squamous cell carcinoma | E3: increased | F3: disease_vs_control | G3: oral | H3: 0.0483 | I3: high | J3: verified | K3: keep | L3: At the phylum level, Bacteroidetes (q = 0.0483), Synergistetes (q = 0.0599), and Spirochaetes (q = 0.168) were significantly more abundant in OC-SCC than in controls, while Actinobacteria (q = 0.0008) and Firmicutes (q = 0.05) were less abundant in OC-SCC than in controls
A4: Synergistetes | B4: bacteria | C4: phylum | D4: oral cavity squamous cell carcinoma | E4: increased | F4: disease_vs_control | G4: oral | H4: 0.0599 | I4: medium | J4: verified | K4: keep | L4: At the phylum level, Bacteroidetes (q = 0.0483), Synergistetes (q = 0.0599), and Spirochaetes (q = 0.168) were significantly more abundant in OC-SCC than in controls, while Actinobacteria (q = 0.0008) and Firmicutes (q = 0.05) were less abundant in OC-SCC than in controls
A5: Spirochaetes | B5: bacteria | C5: phylum | D5: oral cavity squamous cell carcinoma | E5: increased | F5: disease_vs_control | G5: oral | H5: 0.168 | I5: low | J5: verified | K5: keep_flagged | L5: At the phylum level, Bacteroidetes (q = 0.0483), Synergistetes (q = 0.0599), and Spirochaetes (q = 0.168) were significantly more abundant in OC-SCC than in controls, while Actinobacteria (q = 0.0008) and Firmicutes (q = 0.05) were less abundant in OC-SCC than in controls
A6: Actinobacteria | B6: bacteria | C6: phylum | D6: oral cavity squamous cell carcinoma | E6: decreased | F6: disease_vs_control | G6: oral | H6: 0.0008 | I6: high | J6: verified | K6: keep | L6: At the phylum level, Bacteroidetes (q = 0.0483), Synergistetes (q = 0.0599), and Spirochaetes (q = 0.168) were significantly more abundant in OC-SCC than in controls, while Actinobacteria (q = 0.0008) and Firmicutes (q = 0.05) were less abundant in OC-SCC than in controls
A7: Firmicutes | B7: bacteria | C7: phylum | D7: oral cavity squamous cell carcinoma | E7: decreased | F7: disease_vs_control | G7: oral | H7: 0.05 | I7: high | J7: verified | K7: keep | L7: At the phylum level, Bacteroidetes (q = 0.0483), Synergistetes (q = 0.0599), and Spirochaetes (q = 0.168) were significantly more abundant in OC-SCC than in controls, while Actinobacteria (q = 0.0008) and Firmicutes (q = 0.05) were less abundant in OC-SCC than in controls
A8: Fusobacterium | B8: bacteria | C8: genus | D8: oral cavity squamous cell carcinoma | E8: increased | F8: disease_vs_control | G8: oral | H8: 0.1737 | I8: low | J8: verified | K8: keep_flagged | L8: At the genus level, Fusobacterium (q = 0.1737) was more abundant in OC-SCC than in controls while Corynebacterium (q = 0.0501), Streptococcus (q = 0.0861), Actinomyces (q = 0.0836), Cryptobacterium (q = 0.1086), and Selenomonas (q = 0.1628) were less abundant in OC-SCC than in controls
A9: Corynebacterium | B9: bacteria | C9: genus | D9: oral cavity squamous cell carcinoma | E9: decreased | F9: disease_vs_control | G9: oral | H9: 0.0501 | I9: medium | J9: verified | K9: keep | L9: At the genus level, Fusobacterium (q = 0.1737) was more abundant in OC-SCC than in controls while Corynebacterium (q = 0.0501), Streptococcus (q = 0.0861), Actinomyces (q = 0.0836), Cryptobacterium (q = 0.1086), and Selenomonas (q = 0.1628) were less abundant in OC-SCC than in controls
A10: Streptococcus | B10: bacteria | C10: genus | D10: oral cavity squamous cell carcinoma | E10: decreased | F10: disease_vs_control | G10: oral | H10: 0.0861 | I10: medium | J10: verified | K10: keep | L10: At the genus level, Fusobacterium (q = 0.1737) was more abundant in OC-SCC than in controls while Corynebacterium (q = 0.0501), Streptococcus (q = 0.0861), Actinomyces (q = 0.0836), Cryptobacterium (q = 0.1086), and Selenomonas (q = 0.1628) were less abundant in OC-SCC than in controls
A11: Actinomyces | B11: bacteria | C11: genus | D11: oral cavity squamous cell carcinoma | E11: decreased | F11: disease_vs_control | G11: oral | H11: 0.0836 | I11: medium | J11: verified | K11: keep | L11: At the genus level, Fusobacterium (q = 0.1737) was more abundant in OC-SCC than in controls while Corynebacterium (q = 0.0501), Streptococcus (q = 0.0861), Actinomyces (q = 0.0836), Cryptobacterium (q = 0.1086), and Selenomonas (q = 0.1628) were less abundant in OC-SCC than in controls
A12: Cryptobacterium | B12: bacteria | C12: genus | D12: oral cavity squamous cell carcinoma | E12: decreased | F12: disease_vs_control | G12: oral | H12: 0.1086 | I12: low | J12: verified | K12: keep_flagged | L12: At the genus level, Fusobacterium (q = 0.1737) was more abundant in OC-SCC than in controls while Corynebacterium (q = 0.0501), Streptococcus (q = 0.0861), Actinomyces (q = 0.0836), Cryptobacterium (q = 0.1086), and Selenomonas (q = 0.1628) were less abundant in OC-SCC than in controls
A13: Selenomonas | B13: bacteria | C13: genus | D13: oral cavity squamous cell carcinoma | E13: decreased | F13: disease_vs_control | G13: oral | H13: 0.1628 | I13: low | J13: verified | K13: keep_flagged | L13: At the genus level, Fusobacterium (q = 0.1737) was more abundant in OC-SCC than in controls while Corynebacterium (q = 0.0501), Streptococcus (q = 0.0861), Actinomyces (q = 0.0836), Cryptobacterium (q = 0.1086), and Selenomonas (q = 0.1628) were less abundant in OC-SCC than in controls
A14: Porphyromonas sp oral taxon 278 | B14: bacteria | C14: species | D14: oral cavity squamous cell carcinoma | E14: increased | F14: disease_vs_control | G14: oral | H14: 0.1386 | I14: low | J14: verified | K14: keep_flagged | L14: At the species level, the overrepresentation of Fusobacterium (q = 0.1737) could not be traced to any species in this genus although Porphyromonas sp oral taxon 278 (q = 0.1386) was found to be more abundant in OC-SCC than in controls.
... A32: Veillonella parvula | B32: bacteria | C32: species | D32: oral cavity squamous cell carcinoma | E32: decreased | F32: disease_vs_control | G32: oral | H32: 0.1193 | I32: low | J32: verified | K32: keep_flagged | L32: Additionally, six species were also found to be less abundant in OC-SCC than in controls, including three Prevotella species (denticola. q = 0.095; oulorum, q = 0.1183; histicola, q = 0.1183), Campylobacter gracilis (q = 0.0364), Leptotrichia wadei (q = 0.0364), and Veillonella parvula (q = 0.1193)

Sheet P961
A1: Paper 961 — Microbiota in Gut, Oral Cavity, and Mitral Valves Are Associated With Rheumatic Heart Disease
A2: TAXON NAME | B2: DOMAIN | C2: TAXONOMIC LEVEL | D2: PRIMARY DISEASE | E2: DIRECTION | F2: CHANGE CONTEXT | G2: SAMPLE SITE | H2: P VALUE | I2: CONFIDENCE | J2: AGREEMENT | K2: QUEEN DECISION | L2: VERBATIM EVIDENCE | M2: STATUS | N2: CORRECTION | O2: SAM NOTES
A3: Faecalibacterium | B3: bacteria | C3: genus | D3: rheumatic heart disease | E3: decreased | F3: disease_vs_control | G3: fecal | H3: < 0.05 | I3: high | J3: verified | K3: keep | L3: Among the 15 most abundant genera, relative abundance of Faecalibacterium and Bacteroides significantly decreased...in gut microbiota of RHD patients compared to control subjects
A4: Bacteroides | B4: bacteria | C4: genus | D4: rheumatic heart disease | E4: decreased | F4: disease_vs_control | G4: fecal | H4: < 0.05 | I4: high | J4: verified | K4: keep | L4: Among the 15 most abundant genera, relative abundance of Faecalibacterium and Bacteroides significantly decreased...in gut microbiota of RHD patients compared to control subjects
A5: Bifidobacterium | B5: bacteria | C5: genus | D5: rheumatic heart disease | E5: increased | F5: disease_vs_control | G5: fecal | H5: < 0.05 | I5: high | J5: verified | K5: keep | L5: In the gut, the patients possessed higher levels of genera including Bifidobacterium and Eubacterium, and lower levels of genera including Lachnospira, Bacteroides, and Faecalibacterium
A6: Eubacterium | B6: bacteria | C6: genus | D6: rheumatic heart disease | E6: increased | F6: disease_vs_control | G6: fecal | H6: < 0.05 | I6: high | J6: verified | K6: keep | L6: In the gut, the patients possessed higher levels of genera including Bifidobacterium and Eubacterium
A7: Lachnospira | B7: bacteria | C7: genus | D7: rheumatic heart disease | E7: decreased | F7: disease_vs_control | G7: fecal | I7: medium | J7: verified | K7: keep | L7: In the gut, the patients possessed higher levels of genera including Bifidobacterium and Eubacterium, and lower levels of genera including Lachnospira, Bacteroides, and Faecalibacterium
A8: Shigella | B8: bacteria | C8: genus | D8: rheumatic heart disease | E8: increased | F8: disease_vs_control | G8: fecal | H8: < 0.05 | I8: high | J8: verified | K8: keep | L8: Among the 15 most abundant genera, relative abundance of Faecalibacterium and Bacteroides significantly decreased, while that of Shigella, Gemmiger, Bifidobacterium, Ruminococcus, Streptococcus and Dorea significantly increased in gut microbiota of RHD patients compared to control subjects
A9: Gemmiger | B9: bacteria | C9: genus | D9: rheumatic heart disease | E9: increased | F9: disease_vs_control | G9: fecal | H9: < 0.05 | I9: high | J9: verified | K9: keep | L9: Among the 15 most abundant genera, relative abundance of Faecalibacterium and Bacteroides significantly decreased, while that of Shigella, Gemmiger, Bifidobacterium, Ruminococcus, Streptococcus and Dorea significantly increased in gut microbiota of RHD patients compared to control subjects
A10: Ruminococcus | B10: bacteria | C10: genus | D10: rheumatic heart disease | E10: increased | F10: disease_vs_control | G10: fecal | H10: < 0.05 | I10: high | J10: verified | K10: keep | L10: Among the 15 most abundant genera, relative abundance of Faecalibacterium and Bacteroides significantly decreased, while that of Shigella, Gemmiger, Bifidobacterium, Ruminococcus, Streptococcus and Dorea significantly increased in gut microbiota of RHD patients compared to control subjects
A11: Streptococcus | B11: bacteria | C11: genus | D11: rheumatic heart disease | E11: increased | F11: disease_vs_control | G11: fecal | H11: < 0.05 | I11: high | J11: verified | K11: keep | L11: Among the 15 most abundant genera, relative abundance of Faecalibacterium and Bacteroides significantly decreased, while that of Shigella, Gemmiger, Bifidobacterium, Ruminococcus, Streptococcus and Dorea significantly increased in gut microbiota of RHD patients compared to control subjects
A12: Dorea | B12: bacteria | C12: genus | D12: rheumatic heart disease | E12: increased | F12: disease_vs_control | G12: fecal | H12: < 0.05 | I12: high | J12: verified | K12: keep | L12: Among the 15 most abundant genera, relative abundance of Faecalibacterium and Bacteroides significantly decreased, while that of Shigella, Gemmiger, Bifidobacterium, Ruminococcus, Streptococcus and Dorea significantly increased in gut microbiota of RHD patients compared to control subjects
A13: Blautia | B13: bacteria | C13: genus | D13: rheumatic heart disease | E13: increased | F13: disease_vs_control | G13: fecal | I13: low | J13: verified | K13: keep_flagged | L13: In addition, relative abundance of Blauita showed a trend of increase without statistical significance in gut microbiota of RHD patients
A14: Arthrobacter | B14: bacteria | C14: genus | D14: rheumatic heart disease | E14: increased | F14: disease_vs_control | G14: fecal | I14: medium | J14: verified | K14: keep | L14: LEfSe identified higher levels of taxa including Arthrobacter, Bifidobacterium, Porphyromonas, Melissococccus, Eubacterium, Ruminococcus, Dorea, Gemmiger, etc., as well as lower levels of taxa such as Staphylococcus, Lachnospira, Faecalibacterium, and Oxalobacter in fecal samples of RHD patients
A15: Porphyromonas | B15: bacteria | C15: genus | D15: rheumatic heart disease | E15: increased | F15: disease_vs_control | G15: fecal | I15: medium | J15: verified | K15: keep | L15: LEfSe identified higher levels of taxa including Arthrobacter, Bifidobacterium, Porphyromonas, Melissococccus, Eubacterium, Ruminococcus, Dorea, Gemmiger, etc., as well as lower levels of taxa such as Staphylococcus, Lachnospira, Faecalibacterium, and Oxalobacter in fecal samples of RHD patients
A16: Melissococcus | B16: bacteria | C16: genus | D16: rheumatic heart disease | E16: increased | F16: disease_vs_control | G16: fecal | I16: medium | J16: verified | K16: keep_flagged | L16: LEfSe identified higher levels of taxa including Arthrobacter, Bifidobacterium, Porphyromonas, Melissococccus, Eubacterium, Ruminococcus, Dorea, Gemmiger, etc., as well as lower levels of taxa such as Staphylococcus, Lachnospira, Faecalibacterium, and Oxalobacter in fecal samples of RHD patients
A17: Staphylococcus | B17: bacteria | C17: genus | D17: rheumatic heart disease | E17: decreased | F17: disease_vs_control | G17: fecal | I17: medium | J17: verified | K17: keep | L17: LEfSe identified higher levels of taxa including Arthrobacter, Bifidobacterium, Porphyromonas, Melissococccus, Eubacterium, Ruminococcus, Dorea, Gemmiger, etc., as well as lower levels of taxa such as Staphylococcus, Lachnospira, Faecalibacterium, and Oxalobacter in fecal samples of RHD patients
A18: Oxalobacter | B18: bacteria | C18: genus | D18: rheumatic heart disease | E18: decreased | F18: disease_vs_control | G18: fecal | I18: medium | J18: verified | K18: keep | L18: LEfSe identified higher levels of taxa including Arthrobacter, Bifidobacterium, Porphyromonas, Melissococccus, Eubacterium, Ruminococcus, Dorea, Gemmiger, etc., as well as lower levels of taxa such as Staphylococcus, Lachnospira, Faecalibacterium, and Oxalobacter in fecal samples of RHD patients
A19: Corynebacterium | B19: bacteria | C19: genus | D19: rheumatic heart disease | E19: decreased | F19: disease_vs_control | G19: oral | H19: < 0.05 | I19: high | J19: verified | K19: keep | L19: Among the 15 most abundant genera, relative abundance of Corynebacterium and Selenomonas significantly decreased, while that of Streptococcus and Blautia significantly increased in subgingival plaque microbiota of RHD patients compared to control subjects
A20: Selenomonas | B20: bacteria | C20: genus | D20: rheumatic heart disease | E20: decreased | F20: disease_vs_control | G20: oral | H20: < 0.05 | I20: high | J20: verified | K20: keep | L20: Among the 15 most abundant genera, relative abundance of Corynebacterium and Selenomonas significantly decreased, while that of Streptococcus and Blautia significantly increased in subgingival plaque microbiota of RHD patients compared to control subjects
A21: Streptococcus | B21: bacteria | C21: genus | D21: rheumatic heart disease | E21: increased | F21: disease_vs_control | G21: oral | H21: < 0.05 | I21: high | J21: verified | K21: keep | L21: Among the 15 most abundant genera, relative abundance of Corynebacterium and Selenomonas significantly decreased, while that of Streptococcus and Blautia significantly increased in subgingival plaque microbiota of RHD patients compared to control subjects
A22: Blautia | B22: bacteria | C22: genus | D22: rheumatic heart disease | E22: increased | F22: disease_vs_control | G22: oral | H22: < 0.05 | I22: high | J22: verified | K22: keep | L22: Among the 15 most abundant genera, relative abundance of Corynebacterium and Selenomonas significantly decreased, while that of Streptococcus and Blautia significantly increased in subgingival plaque microbiota of RHD patients compared to control subjects
A23: Ruminococcus | B23: bacteria | C23: genus | D23: rheumatic heart disease | E23: increased | F23: disease_vs_control | G23: oral | I23: medium | J23: verified | K23: keep | L23: LEfSe identified higher levels of taxa including Streptococcus, Ruminococcus, Blautia, Dorea, Lachnoanaerobaculum, Roseburia, Gemmiger, as well as lower levels of taxa such as Corynebacterium, Staphylococcus, Lactobacillus and Selenomonas in subgingival plaque samples of RHD patients
A24: Dorea | B24: bacteria | C24: genus | D24: rheumatic heart disease | E24: increased | F24: disease_vs_control | G24: oral | I24: medium | J24: verified | K24: keep | L24: LEfSe identified higher levels of taxa including Streptococcus, Ruminococcus, Blautia, Dorea, Lachnoanaerobaculum, Roseburia, Gemmiger, as well as lower levels of taxa such as Corynebacterium, Staphylococcus, Lactobacillus and Selenomonas in subgingival plaque samples of RHD patients
A25: Lachnoanaerobaculum | B25: bacteria | C25: genus | D25: rheumatic heart disease | E25: increased | F25: disease_vs_control | G25: oral | I25: medium | J25: verified | K25: keep | L25: LEfSe identified higher levels of taxa including Streptococcus, Ruminococcus, Blautia, Dorea, Lachnoanaerobaculum, Roseburia, Gemmiger, as well as lower levels of taxa such as Corynebacterium, Staphylococcus, Lactobacillus and Selenomonas in subgingival plaque samples of RHD patients
A26: Roseburia | B26: bacteria | C26: genus | D26: rheumatic heart disease | E26: increased | F26: disease_vs_control | G26: oral | I26: medium | J26: verified | K26: keep | L26: LEfSe identified higher levels of taxa including Streptococcus, Ruminococcus, Blautia, Dorea, Lachnoanaerobaculum, Roseburia, Gemmiger, as well as lower levels of taxa such as Corynebacterium, Staphylococcus, Lactobacillus and Selenomonas in subgingival plaque samples of RHD patients
A27: Gemmiger | B27: bacteria | C27: genus | D27: rheumatic heart disease | E27: increased | F27: disease_vs_control | G27: oral | I27: medium | J27: verified | K27: keep | L27: LEfSe identified higher levels of taxa including Streptococcus, Ruminococcus, Blautia, Dorea, Lachnoanaerobaculum, Roseburia, Gemmiger, as well as lower levels of taxa such as Corynebacterium, Staphylococcus, Lactobacillus and Selenomonas in subgingival plaque samples of RHD patients
A28: Staphylococcus | B28: bacteria | C28: genus | D28: rheumatic heart disease | E28: decreased | F28: disease_vs_control | G28: oral | I28: medium | J28: verified | K28: keep | L28: LEfSe identified higher levels of taxa including Streptococcus, Ruminococcus, Blautia, Dorea, Lachnoanaerobaculum, Roseburia, Gemmiger, as well as lower levels of taxa such as Corynebacterium, Staphylococcus, Lactobacillus and Selenomonas in subgingival plaque samples of RHD patients
A29: Lactobacillus | B29: bacteria | C29: genus | D29: rheumatic heart disease | E29: decreased | F29: disease_vs_control | G29: oral | I29: medium | J29: verified | K29: keep | L29: LEfSe identified higher levels of taxa including Streptococcus, Ruminococcus, Blautia, Dorea, Lachnoanaerobaculum, Roseburia, Gemmiger, as well as lower levels of taxa such as Corynebacterium, Staphylococcus, Lactobacillus and Selenomonas in subgingival plaque samples of RHD patients
A30: Prevotella | B30: bacteria | C30: genus | D30: rheumatic heart disease | E30: decreased | F30: disease_vs_control | G30: oral | H30: < 0.05 | I30: high | J30: verified | K30: keep | L30: Among the 15 most abundant genera, relative abundance of Prevotella, Haemophilus, Veillonella, Campylobacter, and Actinomyces significantly decreased, while that of Streptococcus and Rothia significantly increased in salivary microbiota of RHD patients compared to control subjects
A31: Haemophilus | B31: bacteria | C31: genus | D31: rheumatic heart disease | E31: decreased | F31: disease_vs_control | G31: oral | H31: < 0.05 | I31: high | J31: verified | K31: keep | L31: Among the 15 most abundant genera, relative abundance of Prevotella, Haemophilus, Veillonella, Campylobacter, and Actinomyces significantly decreased, while that of Streptococcus and Rothia significantly increased in salivary microbiota of RHD patients compared to control subjects
A32: Veillonella | B32: bacteria | C32: genus | D32: rheumatic heart disease | E32: decreased | F32: disease_vs_control | G32: oral | H32: < 0.05 | I32: high | J32: verified | K32: keep | L32: Among the 15 most abundant genera, relative abundance of Prevotella, Haemophilus, Veillonella, Campylobacter, and Actinomyces significantly decreased, while that of Streptococcus and Rothia significantly increased in salivary microbiota of RHD patients compared to control subjects
A33: Campylobacter | B33: bacteria | C33: genus | D33: rheumatic heart disease | E33: decreased | F33: disease_vs_control | G33: oral | H33: < 0.05 | I33: high | J33: verified | K33: keep | L33: Among the 15 most abundant genera, relative abundance of Prevotella, Haemophilus, Veillonella, Campylobacter, and Actinomyces significantly decreased, while that of Streptococcus and Rothia significantly increased in salivary microbiota of RHD patients compared to control subjects
A34: Actinomyces | B34: bacteria | C34: genus | D34: rheumatic heart disease | E34: decreased | F34: disease_vs_control | G34: oral | H34: < 0.05 | I34: high | J34: verified | K34: keep | L34: Among the 15 most abundant genera, relative abundance of Prevotella, Haemophilus, Veillonella, Campylobacter, and Actinomyces significantly decreased, while that of Streptococcus and Rothia significantly increased in salivary microbiota of RHD patients compared to control subjects
A35: Streptococcus | B35: bacteria | C35: genus | D35: rheumatic heart disease | E35: increased | F35: disease_vs_control | G35: oral | H35: < 0.05 | I35: high | J35: verified | K35: keep | L35: Among the 15 most abundant genera, relative abundance of Prevotella, Haemophilus, Veillonella, Campylobacter, and Actinomyces significantly decreased, while that of Streptococcus and Rothia significantly increased in salivary microbiota of RHD patients compared to control subjects
A36: Rothia | B36: bacteria | C36: genus | D36: rheumatic heart disease | E36: increased | F36: disease_vs_control | G36: oral | H36: < 0.05 | I36: high | J36: verified | K36: keep | L36: Among the 15 most abundant genera, relative abundance of Prevotella, Haemophilus, Veillonella, Campylobacter, and Actinomyces significantly decreased, while that of Streptococcus and Rothia significantly increased in salivary microbiota of RHD patients compared to control subjects
A37: Staphylococcus | B37: bacteria | C37: genus | D37: rheumatic heart disease | E37: decreased | F37: disease_vs_control | G37: oral | I37: medium | J37: verified | K37: keep | L37: LEfSe identified higher levels of taxa including Piscicoccus, Rothia, Abiotrophia, Melissococcus, Streptococcus, Parvimonas, Clostridium, Lachnoanaerobaculum, etc., as well as lower levels of taxa such as Actinomyces, Rhodococcus, Prevotella, Staphylococcus, Veillonella, Afipia, Sphingomonas, etc.
A38: Piscicoccus | B38: bacteria | C38: genus | D38: rheumatic heart disease | E38: increased | F38: disease_vs_control | G38: oral | I38: medium | J38: verified | K38: keep | L38: LEfSe identified higher levels of taxa including Piscicoccus, Rothia, Abiotrophia, Melissococcus, Streptococcus, Parvimonas, Clostridium, Lachnoanaerobaculum, etc., as well as lower levels of taxa such as Actinomyces, Rhodococcus, Prevotella, Staphylococcus, Veillonella, Afipia, Sphingomonas, etc.
A39: Abiotrophia | B39: bacteria | C39: genus | D39: rheumatic heart disease | E39: increased | F39: disease_vs_control | G39: oral | I39: medium | J39: verified | K39: keep | L39: LEfSe identified higher levels of taxa including Piscicoccus, Rothia, Abiotrophia, Melissococcus, Streptococcus, Parvimonas, Clostridium, Lachnoanaerobaculum, etc., as well as lower levels of taxa such as Actinomyces, Rhodococcus, Prevotella, Staphylococcus, Veillonella, Afipia, Sphingomonas, etc.
A40: Melissococcus | B40: bacteria | C40: genus | D40: rheumatic heart disease | E40: increased | F40: disease_vs_control | G40: oral | I40: medium | J40: verified | K40: keep | L40: LEfSe identified higher levels of taxa including Piscicoccus, Rothia, Abiotrophia, Melissococcus, Streptococcus, Parvimonas, Clostridium, Lachnoanaerobaculum, etc., as well as lower levels of taxa such as Actinomyces, Rhodococcus, Prevotella, Staphylococcus, Veillonella, Afipia, Sphingomonas, etc.
A41: Parvimonas | B41: bacteria | C41: genus | D41: rheumatic heart disease | E41: increased | F41: disease_vs_control | G41: oral | I41: medium | J41: verified | K41: keep | L41: LEfSe identified higher levels of taxa including Piscicoccus, Rothia, Abiotrophia, Melissococcus, Streptococcus, Parvimonas, Clostridium, Lachnoanaerobaculum, etc., as well as lower levels of taxa such as Actinomyces, Rhodococcus, Prevotella, Staphylococcus, Veillonella, Afipia, Sphingomonas, etc.
A42: Clostridium | B42: bacteria | C42: genus | D42: rheumatic heart disease | E42: increased | F42: disease_vs_control | G42: oral | I42: medium | J42: verified | K42: keep | L42: LEfSe identified higher levels of taxa including Piscicoccus, Rothia, Abiotrophia, Melissococcus, Streptococcus, Parvimonas, Clostridium, Lachnoanaerobaculum, etc., as well as lower levels of taxa such as Actinomyces, Rhodococcus, Prevotella, Staphylococcus, Veillonella, Afipia, Sphingomonas, etc.
A43: Lachnoanaerobaculum | B43: bacteria | C43: genus | D43: rheumatic heart disease | E43: increased | F43: disease_vs_control | G43: oral | I43: medium | J43: verified | K43: keep | L43: LEfSe identified higher levels of taxa including Piscicoccus, Rothia, Abiotrophia, Melissococcus, Streptococcus, Parvimonas, Clostridium, Lachnoanaerobaculum, etc., as well as lower levels of taxa such as Actinomyces, Rhodococcus, Prevotella, Staphylococcus, Veillonella, Afipia, Sphingomonas, etc.
A44: Rhodococcus | B44: bacteria | C44: genus | D44: rheumatic heart disease | E44: decreased | F44: disease_vs_control | G44: oral | I44: medium | J44: verified | K44: keep | L44: LEfSe identified higher levels of taxa including Piscicoccus, Rothia, Abiotrophia, Melissococcus, Streptococcus, Parvimonas, Clostridium, Lachnoanaerobaculum, etc., as well as lower levels of taxa such as Actinomyces, Rhodococcus, Prevotella, Staphylococcus, Veillonella, Afipia, Sphingomonas, etc.
A45: Afipia | B45: bacteria | C45: genus | D45: rheumatic heart disease | E45: decreased | F45: disease_vs_control | G45: oral | I45: medium | J45: verified | K45: keep | L45: LEfSe identified higher levels of taxa including Piscicoccus, Rothia, Abiotrophia, Melissococcus, Streptococcus, Parvimonas, Clostridium, Lachnoanaerobaculum, etc., as well as lower levels of taxa such as Actinomyces, Rhodococcus, Prevotella, Staphylococcus, Veillonella, Afipia, Sphingomonas, etc.
A46: Sphingomonas | B46: bacteria | C46: genus | D46: rheumatic heart disease | E46: decreased | F46: disease_vs_control | G46: oral | I46: medium | J46: verified | K46: keep | L46: LEfSe identified higher levels of taxa including Piscicoccus, Rothia, Abiotrophia, Melissococcus, Streptococcus, Parvimonas, Clostridium, Lachnoanaerobaculum, etc., as well as lower levels of taxa such as Actinomyces, Rhodococcus, Prevotella, Staphylococcus, Veillonella, Afipia, Sphingomonas, etc.
A47: Proteobacteria | B47: bacteria | C47: phylum | D47: rheumatic heart disease | E47: increased | F47: disease_vs_control | G47: other | I47: low | J47: verified | K47: keep_flagged | L47: Taxonomic composition plots at phylum level showed that mitral valves contained significantly more Proteobacteria and less Firmicutes compared to gut, subgingival plaques, and saliva
A48: Firmicutes | B48: bacteria | C48: phylum | D48: rheumatic heart disease | E48: decreased | F48: disease_vs_control | G48: other | I48: low | J48: verified | K48: keep_flagged | L48: Taxonomic composition plots at phylum level showed that mitral valves contained significantly more Proteobacteria and less Firmicutes compared to gut, subgingival plaques, and saliva

Sheet P988
A1: Paper 988 — THE ROLE OF GUT MICROBIOTA IN FETAL METHYLMERCURY EXPOSURE: INSIGHTS FROM A PILOT STUDY
A2: TAXON NAME | B2: DOMAIN | C2: TAXONOMIC LEVEL | D2: PRIMARY DISEASE | E2: DIRECTION | F2: CHANGE CONTEXT | G2: SAMPLE SITE | H2: P VALUE | I2: CONFIDENCE | J2: AGREEMENT | K2: QUEEN DECISION | L2: VERBATIM EVIDENCE | M2: STATUS | N2: CORRECTION | O2: SAM NOTES
A3: Ruminococcaceae | B3: bacteria | C3: family | D3: methylmercury exposure in pregnancy | E3: increased | F3: disease_vs_control | G3: fecal | H3: <0.05 | I3: high | J3: verified | K3: keep | L3: Two genera were positively associated with stool MeHg (both were unclassified members of the Ruminococcaceae genus)
A4: Moryella | B4: bacteria | C4: genus | D4: methylmercury exposure in pregnancy | E4: decreased | F4: disease_vs_control | G4: fecal | H4: <0.05 | I4: high | J4: verified | K4: keep | L4: one genus was inversely associated with stool IHg (Moryella)
A5: Subdoligranulum | B5: bacteria | C5: genus | D5: methylmercury exposure in pregnancy | E5: increased | F5: disease_vs_control | G5: fecal | H5: <0.05 | I5: high | J5: verified | K5: keep | L5: Other genera were significantly associated with stool MeHg (positive: Subdoligranulum, negative: Streptococcus spp.)
A6: Streptococcus | B6: bacteria | C6: genus | D6: methylmercury exposure in pregnancy | E6: decreased | F6: disease_vs_control | G6: fecal | H6: <0.05 | I6: medium | J6: verified | K6: keep | L6: Other genera were significantly associated with stool MeHg (positive: Subdoligranulum, negative: Streptococcus spp.)
A7: Akkermansia | B7: bacteria | C7: genus | D7: methylmercury exposure in pregnancy | E7: increased | F7: disease_vs_control | G7: fecal | H7: <0.05 | I7: medium | J7: verified | K7: keep | L7: Akkermansia spp. were positively correlated with stool MeHg (when log10-transformed) (Pearson's rho=0.50, p<0.05)
A8: Proteobacteria | B8: bacteria | C8: phylum | D8: methylmercury exposure in pregnancy | E8: decreased | F8: disease_vs_control | G8: fecal | H8: <0.01 | I8: low | J8: verified | K8: keep_flagged | L8: significant associations were observed between stool MeHg and Proteobacteria using Pearson's correlation (rho = −0.61, p<0.01), but not Spearman's correlation (rho = −0.45, respectively, p=0.07). However, this inverse association was driven by a single observation; when this observation was removed Pearson's correlation was no longer significant (p=0.13)
A9: Blautia | B9: bacteria | C9: genus | D9: excessive gestational weight gain | E9: increased | F9: disease_vs_control | G9: fecal | H9: <0.05 | I9: medium | J9: verified | K9: keep | L9: abundance of Blautia (phylum: Firmicutes) was significantly higher for mothers who gained excessed weight (Wilcoxon rank-sum, p<0.05)
A10: Ruminococcaceae | B10: bacteria | C10: family | D10: antibiotic treatment in pregnancy | E10: increased | F10: treatment_effect | G10: fecal | H10: <0.05 | I10: medium | J10: verified | K10: keep | L10: unclassified members of the genus Ruminococcaceae (phylum: Firmicutes) were significantly higher for mothers prescribed antibiotics (Wilcoxon rank-sum, p<0.05)
